Tweet_count,Username,Text,Created At,Retweets,Likes
1,England,"Our fans. Our players. Our summer.

This is your #ThreeLions squad announcement video for #EURO2024! https://t.co/q9UGNzGs3p",Thu Jun 06 18:00:20 +0000 2024,4543,26633
2,Tommy Robinson ğŸ‡¬ğŸ‡§,"Man dies at Yorkshire dales Hotspot at the weekend as people flocked to enjoy the summer heat.

Yes, this is Yorkshire, England. 

It's only a conspiracy theory, you're just a ""Far right edl thug"". https://t.co/OQx41xl61e",Tue Aug 13 14:55:10 +0000 2024,1391,9769
3,England Extra,"For the people mocking Lee Carsley being a possible replacement for Gareth Southgate, watch this video.

He had the U21s playing some of the best football Iâ€™ve ever seen an England team play when they won the Euros last summer 

https://t.co/DPFHxVF57I",Tue Jul 16 17:25:57 +0000 2024,433,4542
4,CentreGoals.,"ğŸš¨ğŸš¨| Manchester United are monitoring Eberechi Eze and might make a move for the England forward next summer. 

[@MENnewsdesk] https://t.co/BelSbEiCGA",Tue Sep 10 11:24:17 +0000 2024,80,1817
5,England,"Ready for a big summer! ğŸ“¸

#ThreeLions | @marksandspencer https://t.co/P8Eo5EN65Y",Mon Jun 10 20:24:12 +0000 2024,2011,22827
6,Chris S.Dixon -Writer,"#Cricket #ENGvSL Well played Sri Lanka, deserved  day 4, 3rd test. win, by 8wkts. Superb ton by Nissanka. Some complacency &amp; arrogance from England. Lawrence not an opener, brainless experiment. Woakes not a number seven. Despite that, a successful summer 5 victories from 6. https://t.co/isgtIRc9KI",Mon Sep 09 12:12:11 +0000 2024,1,2
7,MySportDab,"ğŸš¨ğŸš¨| Manchester United are monitoring Eberechi Eze and might make a move for the England forward next summer. 

[@MENnewsdesk] https://t.co/w2JkPS8Ztw",Tue Sep 10 11:38:00 +0000 2024,0,4
8,Craig in England,"Ehsan Hussain, 25, who used the name Chris Nolan to post racist messages on Telegram, faces a substantial prison sentence CREDIT: West Midlands Police/PA
An Asian man used the fake name Chris Nolan on social media to stir up racial hatred in Birmingham during the summer riots, https://t.co/ZiwAlqaNUT",Thu Sep 12 18:14:14 +0000 2024,3,9
9,Lewis Finnie âœï¸,"Over the summer, Brown was linked with a potential move back to England ğŸ´ó §ó ¢ó ¥ó ®ó §ó ¿

The Mirror and BBC Sport were reporting in late May, that both Aston Villa and Crystal Palace held an interest, with Manchester United supposedly 'shortlisting' the left back too!

#mufc #cpfc #avfc #PL https://t.co/E8RqWvpj5s",Thu Sep 12 18:00:53 +0000 2024,1,5
10,Old England in Colour,Children shrimp fishing in the summer of 1896. #beachlife #shrimpfishing #victorianperiod #colourised #1890s https://t.co/JsceeclzaC,Sun Sep 08 19:14:49 +0000 2024,202,930
11,Niall Harbison,"We found her on Christmas Eve after she had been burnt with oil and water. She was outside a 7-11 on the street of Thailand.

Eve has had the most remarkable transformation and she says her summer in sunny England has been the best of her lifeâ€¦ (1/8) ğŸ§µ https://t.co/lkdm0i9KF4",Wed Aug 14 11:28:55 +0000 2024,2468,31711
12,ol,the jump from summer to winter was a bit extreme even for englandâ€¦ oh well got my new rocks out ğŸ˜ https://t.co/WWsVModjYf,Wed Sep 11 07:51:06 +0000 2024,0,6
13,ğ— ğ—¼ğ˜‚ğ˜ğ—µ ğ—¼ğ—³ ğ˜ğ—µğ—² ğ—§ğ˜†ğ—»ğ—² #NUFC,"Anthony Gordon finally opens up on his @England heartbreak this summer.....

A very honest interview.

Clearly extremely gutted about the whole scenario.

What Southgate did was shameful.

#NUFC ğŸ´ó §ó ¢ó ¥ó ®ó §ó ¿ ğŸ¦ ğŸ¦ ğŸ¦ 
 https://t.co/QjUyfQgD2b",Fri Sep 06 10:48:14 +0000 2024,374,7126
14,Transfermarkt.co.uk,"Liverpool, Newcastle and Tottenham are amongst the clubs tracking former Manchester United starlet Angel Gomes

The England international's contract with Lille expires next summer ğŸ‘€ https://t.co/67KuQXZf3k",Thu Sep 12 09:26:07 +0000 2024,5,34
15,Karsten Skjalm,"Keira Walshâ€™s future? Her contract with Barca expires next Summer. Keira has announced that she wants to go back to England and the WSL. Chelsea FC and Arsenal are interested in signing the midfielder, but the time to the closing of the transfer window is too short. Expect her to https://t.co/6jFhz81K9m",Thu Sep 12 11:37:56 +0000 2024,0,4
16,Craig in England,"Landlords will be banned from taking action against non-paying tenants for up to three months, under Labour rent reforms set to launch next summer.
Currently, tenants can only fall into two months of consecutive rent arrears before a landlord is allowed to begin proceedings to",Fri Sep 13 06:01:19 +0000 2024,2,14
17,Bitcoin Koala,@NOAA @NOAANCEI Not where I live (Northern England). Been the worst and coldest summer in years. The data seems to be flawed. It does not match reality.,Fri Sep 13 03:21:06 +0000 2024,0,3
18,Team New England Basketball Club,"The offers continue to pour in for 2027 7â€™0â€  C @Theophilousedem ğŸ™ŒğŸ¾

The @CushingBBball big man hit his stride this summer &amp; has easily become one of the most dominant big men in his class.

The more coaches see him, the more offers he getsğŸ’¯

Highlights from the â˜€ï¸

#AnotherOne https://t.co/ARRUgYsIFP",Fri Sep 13 20:29:32 +0000 2024,8,17
19,Kopp.D,The agenda they had on him this summer was disgusting when he clearly was Englandâ€™s best player,Sat Sep 14 15:21:07 +0000 2024,1,12
20,CELINE,"CELINE 23
THE BRIGHT YOUNG CAMPAIGN

MEN SUMMER 25

CELINE TAILORING
CELINE TAILCOAT

COLLECTION AVAILABLE IN STORES AND ON https://t.co/Attj53A35I ON FEBRUARY 8TH

JULES
HEDI SLIMANE PHOTOGRAPHY AND STYLING
HOLKHAM, NORFOLK, ENGLAND
JUNE 2024

#CELINEBYHEDISLIMANE https://t.co/q6fUbznQM8",Thu Sep 12 13:59:43 +0000 2024,13,78
21,Harry Maguire,"I am devastated not to have been selected to play for England at the Euros this summer.

Despite my best efforts, I have not been able to overcome an injury to my calf. Maybe I pushed myself too hard, to try and make it. Simply, I am absolutely gutted.

For me, representing https://t.co/n7WXMuAzuO",Thu Jun 06 15:09:05 +0000 2024,3125,51869
22,Craig in England,"Muppets enjoying the winter sun â˜€ï¸ 
Yes itâ€™s now winter the summer is officially over itâ€™s now the season to murder old Grannies if youâ€™re a Labour politician. 
As an aside Iâ€™m told this summer was the hottest ever on record  as were all going to be fried by the suns gammer rays, https://t.co/YQ5BUhaXk4",Thu Sep 12 09:12:13 +0000 2024,9,58
23,Kloppholic,"England fans, we wonâ€™t forget how you treated this guy over the summer https://t.co/3oifCRm7B8",Tue Sep 10 20:33:11 +0000 2024,634,7182
24,Fabrizio Romano,"ğŸš¨ğŸ´ó §ó ¢ó ¥ó ®ó §ó ¿ Harry Maguire: â€œI am devastated not to have been selected to play for England at the Euros this summerâ€.

â€œDespite my best efforts, I have not been able to overcome an injury to my calf. Maybe I pushed myself too hard, to try and make it. Simply, I am absolutely guttedâ€. https://t.co/wO3U3iVQk4",Thu Jun 06 15:20:12 +0000 2024,2027,43971
25,David Ornstein,ğŸš¨ EXCL: Arsenal reject approach from Ajax to sign Aaron Ramsdale. Initial loan turned down - #AFC rather 26yo England intâ€™l leaves permanently this summer but #Ajax retain interest/optimism. Espanyol keeper Joan Garcia potential replacement @TheAthleticFC https://t.co/Dm2G13Boaw https://t.co/SjIzxSm3aD,Tue Aug 13 06:46:27 +0000 2024,1017,6860
26,Get French Football News,"Why did Marseille recruit heavily from England over the summer? (L'Ã‰q)

https://t.co/0fSLb5GnPg",Sat Sep 14 11:04:00 +0000 2024,2,6
27,UtdDistrict,"ğŸš¨ | There is a feeling that Sekou Kone, who was pursued by a number of clubs this summer, will be fast-tracked up the ranks once he is bedded into life in England, but for now, he will bounce between academy sides.[@MailSport] https://t.co/Sn4wmAzIBh",Tue Sep 03 16:54:28 +0000 2024,157,3674
28,SJL PE Faculty,"Yr 11, GCSE PE student Harry competed in the Swim England National Summer Championships. Harry swam a personal best in his 200m Butterfly heat, which qualified him for the final where he achiefed another personal best to finish in an impressive 5th position. Well done Harry! ğŸŠğŸ»â€â™‚ï¸ https://t.co/uCMB32WQuC",Tue Sep 10 17:42:45 +0000 2024,2,11
29,Clown â™¦ï¸,England said oh last day of summer? Say lessâ€¦ POOF freezing rain into 5Â°C  evening,Tue Sep 10 18:59:34 +0000 2024,0,3
30,â†³ mabel is perfectly splendid !!ğŸ§ğŸ‚,ok so thereâ€™s a GOOD CHANCE iâ€™ll be in england this upcoming summer for a study abroad opportunity and then in ireland that following spring break as an â€œacademic excursionâ€,Wed Sep 11 16:23:02 +0000 2024,0,10
31,â†³ mabel is perfectly splendid !!ğŸ§ğŸ‚,about to have to make the pitch of a lifetime to my mom because an opportunity to study for 5 weeks over the summer in england has opened up,Wed Sep 11 14:18:29 +0000 2024,0,3
32,Eric,"Morning all, looks like my summer is over, another foggy day here in the North East of England . Might be a lazy Sunday indoors after a quick garden pawtrol . Enjoy your day wherever you are in the world ğŸ§¡ğŸ˜»ğŸ§¡ #CatsOfX #adoptdontshop  #rescuecat #catlovers https://t.co/gJR9AqUFpM",Sun Sep 08 07:48:24 +0000 2024,55,900
33,Shabana Marshall,A fantastic keynote at #BERAWERA2024 conference by @DrMoncrieffe reminding us of the urgency for anti-racist education to be embedded in the school curriculum following the #RaceRiots we witnessed in England this summer.,Tue Sep 10 07:44:40 +0000 2024,2,7
34,ozhubfootball,"ğŸš¨ Newcastle confirm Garang Kuol suffered a grade 3 quad tear, which ruled him out of a summer loan move.

The 19-year-old, who had interest from clubs in Belgium, Portugal, and England, will be out for up to 8 weeks.

Newcastle will revisit a move in January.

[@TheAthleticFC] https://t.co/5FM6akWdvs",Sat Sep 14 07:18:53 +0000 2024,4,215
35,kiriâ³Â²ğŸŒŒ,"youd think after living in england all my life i would get used to how cold it gets when summer ends, but every year it surprises me ğŸ˜­",Fri Sep 13 06:47:42 +0000 2024,0,5
36,DiÃ£zğŸ’¥,"Newcastle have made Angel Gomes a top transfer target. Liverpool, Tottenham and Dortmund are also interested. 

His contract at Lille runs out next https://t.co/fUdJWxNZpb per the sources ,he performed really well as he made his debut for England on UEFA nations league https://t.co/PWajaPsFNT",Thu Sep 12 09:21:44 +0000 2024,0,2
37,Barto,"Last stop on the Italian Riviera, Santa Margherita. And that's me done for the summer. 19 stops in Europe since June, eleven of them in Italy. It's been boss, but I'm tired, stinking of cocktails, and skint. Back to travelling to shite places around England to watch Everton. Booo https://t.co/r3wubOUsBL",Tue Sep 10 21:11:57 +0000 2024,0,10
38,poppy ğŸ’‹,"after a long summer travelling, tato is on his way to a beach holiday (please give us good weather england) https://t.co/fGo5yZqW0V",Mon Sep 09 07:50:13 +0000 2024,0,3
39,Fabrizio Romano,"ğŸš¨ğŸŸ¢ Maxence Lacroix has decided not to sign new deal at Wolfsburg, with one year left on current contract.

Lacroix, attracting interest in England and Spain as his exit this summer can be possible. https://t.co/r6zYFmOXol",Wed Jul 03 12:07:29 +0000 2024,605,13440
40,Andy Lyon,"Over the summer, the team at Hodder Faith has been working around the clock to put together this brand new Sunday Missal for Catholics in England &amp; Wales and Scotland.

Launching this Advent, when the new ESV translation of the Scriptures will be introduced, it is designed to be",Wed Sep 11 10:41:07 +0000 2024,0,3
41,The Athletic | Football,"Ben Chilwell has been included in Chelseaâ€™s 25-man squad for the 2024-25 Premier League season.

The England international, 27, was told he was surplus to requirements at the west London club, having not played since the clubâ€™s pre-season tour in the summer.

More from https://t.co/TXT9vuF4MM",Fri Sep 13 14:47:06 +0000 2024,30,289
42,Joe December,"A large number of England fans booed the national anthem at the Euros this summer and now those same fuckers are losing their shit because Lee Fucking Carsley did not sing it.

Life is funny sometimes. https://t.co/EG7X8oHr5i",Mon Sep 09 06:02:35 +0000 2024,0,7
43,Sujeet Suman,"Michael Vaughan ""Jasprit Bumrah enjoys bowling at Joe Root and could severely limit his output next summer.Same goes for Pat Cummins in Aus,where Root has never scored a hundred.England has to find a way of succeeding when the root doesn't make big runs.""
https://t.co/MIEaIOVdYs",Tue Sep 10 12:43:11 +0000 2024,6,32
44,Ayeshaâ™¡,"Joe Root in the Test summer

Tests: 6
Runs: 666
Avg: 74
100s/50s: 3/3
HS: 143
Catches: 9

England's Test player of the summer

Joe Root 66, the MVP rounds off another glorious home Test summer with most Test centuries for England. https://t.co/XKv55lOHJS",Fri Sep 13 06:00:12 +0000 2024,1,9
45,ğŸFlashscore Cricket Commentators,"England captain Ollie Pope: â€œI wouldn't say it was complacency, it has been a long summer but nothing to do with this result. I think it was one of those days where it didn't come off, we've played some great days and we'll look back at this.â€

#ENGvSL https://t.co/nUssSzgyDn",Mon Sep 09 12:47:20 +0000 2024,0,2
46,Sportskeeda,"England's first Test loss of the 2024 home summer comes after five consecutive wins ğŸ´ó §ó ¢ó ¥ó ®ó §ó ¿ğŸ

#ENGvSL #WTC #Tests #Sportskeeda #KenningtonOval https://t.co/3J2fUaZKb1",Mon Sep 09 12:44:52 +0000 2024,2,32
47,BSS Sport,"Sammy Lokâ€™s Athletics journey continues with impressive style this summer. Huge congratulations in being selected for the U20 England Team in the recent Home Nations International @ Eton. Sammy had the honour &amp; privilege of being  team captain!! 
He also jumped 1.96 in the HJ ğŸ¤© https://t.co/3QTPbT4kpy",Mon Sep 09 18:50:13 +0000 2024,0,6
48,The Richmond upon Thames School (RTS),"ğŸŠâ€â™‚ï¸ Jack in Year 11 made waves this summer at the @aquatics_gb and English Nationals! Placing within the top 10 in multiple events and earning a spot on the @swim_england National Pathway. ğŸŒŸ Congratulations Jack. 

#Swimming #swimmer https://t.co/sxbHouOT5J",Fri Sep 13 09:00:25 +0000 2024,0,3
49,England,"We fell short of what we wanted to achieve this summer, but this group gave everything and have done us proud. 

Your support in Germany and back home has been incredible. Thank you. â¤ï¸ https://t.co/YBivqQXfJe",Sun Jul 14 21:53:34 +0000 2024,2707,34907
50,NWS Albany,Autumn begins on September 22nd at 843 am EDT.  The last week of summer above normal temps are expected with below normal precipitation for eastern NY and western New England based on the latest Climate Prediction Center forecast for Sept 18-24th.  #nywx #ctwx #mawx #vtwx https://t.co/vgvXhqLv2V,Wed Sep 11 00:54:53 +0000 2024,0,12
51,Jude Bellingham,We need you all this Summer. Come on England! ğŸ´ó §ó ¢ó ¥ó ®ó §ó ¿ğŸ¤,Thu Jun 13 13:27:29 +0000 2024,3034,53683
52,ESPNcricinfo,Sri Lanka have denied England a summer sweep âŒ https://t.co/n91H4MZpzQ,Mon Sep 09 16:00:01 +0000 2024,27,616
53,Claire Simpson,"Fantastic educational workshop for @UsdawUnion reps by @SRTRC_England at #Usdaw First Series Summer school, delivered by Paul Kearns. Changing hearts and minds. Be a proud anti-racist. Be the difference. Friday 18th October #WRD24 https://t.co/TY03oT3hAu",Tue Sep 10 19:24:18 +0000 2024,6,17
54,ğ— ğ—¼ğ˜‚ğ˜ğ—µ ğ—¼ğ—³ ğ˜ğ—µğ—² ğ—§ğ˜†ğ—»ğ—² #NUFC,"ğŸš¨ ğŸ´ó §ó ¢ó ¥ó ®ó §ó ¿ Newcastle United are apparently plotting a January move for @England and Lille midfielder, Angel Gomes.

His contract at Lille is up in summer 2025 and it's thought that Paul Mitchell will make his move in the January transfer window.

#NUFC Via â˜€ (poor source but ğŸ™) https://t.co/lM0xnNASmT",Wed Sep 11 19:41:37 +0000 2024,11,571
55,aidan,"Gomes, Foden, Guehi, Gallagher, Smith-Rowe, Gibbs-White, Hudson-Odoi, and Sancho. what do these Senior #England players all have in common? they all won the U17 World Cup back in the golden summer of 2017.",Tue Sep 10 19:23:37 +0000 2024,0,11
56,Stephen Bates,"Well done to Ted @winterfoldhs for winning the U10 British Taekwondo Championships, and being selected for Team England in an exhibition against the USA ğŸ‘Š Hosted over the summer holidays @BromsSchool https://t.co/agU8M1fVYH",Sat Sep 14 07:34:13 +0000 2024,0,14
57,Jared Hokanson,@TitanOfUK Iâ€™m excited for you too Luke!  When I was in England last summer I had the chance to meet with several of the missionaries.   Iâ€™m praying the Lord touches your heart as you meet with them.,Thu Sep 12 05:53:28 +0000 2024,0,2
58,Maids Of England,"To mark the end of the summer, we have 3 limited edition bromide sets â€œSummerâ€™s Endâ€ available now in our store, with the added bonus of a group chekki if you order all 3 solo sets!

â¬‡ï¸ Sales end on the 23rd September 2024â¬‡ï¸

https://t.co/SD6srqfkmZ https://t.co/rwhxlzMTyN",Sat Sep 14 15:39:40 +0000 2024,4,18
59,The Magpie Channel,"Anthony Gordon best player on the pitch for England in the 0-2 win over Ireland. Showing exactly what we missed at the euros this summer - a natural winger, getting in behind, causing problems, dynamic and providing balance for the team.
#england #nufc https://t.co/vPdFI4W1QZ",Sat Sep 07 18:03:04 +0000 2024,11,224
60,EllynVictoria,@BrandonTriminio Today is a beautiful end of Summer Sunday. Sharing Mother Nature in New England. https://t.co/EIL9bhQa43,Sun Sep 08 19:33:39 +0000 2024,1,4
61,Sky News,"The Former Chief Economist at the Bank of England Andy Haldane tells @SophyRidgeSky that the Chancellor's warning of a black hole in the public finances in the summer was ""unnecessary"" and ""unhelpful"". 

Watch #PoliticsHub at 7pm â–¶ï¸ https://t.co/cLcibGrS7U

ğŸ“º Sky 501/YT https://t.co/qGzA4eKi2i",Thu Sep 12 15:52:55 +0000 2024,245,651
62,Magpie 24/7,"Breakout England star Angel Gomes 'is Newcastle's top January target' according to The Daily Mail and The â˜€ï¸

Liverpool, Tottenham, and Borussia Dortmund are also thought to be keen on signing him in January before his contract expires in the summer. 

#NUFC #NUFCFans #Newcastle https://t.co/awgZFhzgML",Wed Sep 11 22:50:47 +0000 2024,7,89
63,Transfer News Live,"ğŸš¨ Cole Palmer has attempted to persuade England team-mate Ollie Watkins to leave Aston Villa and join Chelsea this summer. 

(Source: Football Insider) https://t.co/XBKyq9foaO",Wed Jul 17 20:15:00 +0000 2024,687,19486
64,Abu Bakar Tarar,"ğŸš¨ England this summer:

W  
W  
W  
W  
W  
L  

A brilliant season ended on a sour note ğŸ«£ https://t.co/JMD0btMmUG",Mon Sep 09 12:12:23 +0000 2024,2,4
65,England's Barmy Army ğŸ´ó §ó ¢ó ¥ó ®ó §ó ¿ğŸº,"ğŸš¨ BEAT THE BALLOT ğŸš¨

Members of the Barmy Army get priority access to England tickets every year!

Join today ahead of tickets going on sale for next summer ğŸ‘‡",Wed Sep 11 10:24:21 +0000 2024,1,10
66,Fabrizio Romano,"ğŸš¨ğŸ”´âšªï¸ EXCL: Arsenal made proposal and they are currently leading the race to sign Ryan McAidoo, 2008 born talented forward.

Heâ€™s expected to leave Chelsea this summer; best project proposal so far came from Arsenal.

McAidoo played for England U16 and U17 this season. https://t.co/m9HZtkmOcW",Wed Jun 12 10:37:58 +0000 2024,1449,22258
67,Hazza,"So much for laughing at Australia for losing a home test to Windies. Happens once in twenty years maybe. England do that almost every home summer. Self awareness is important, England are light-years behind BCCI and Australia",Sun Sep 08 17:49:44 +0000 2024,3,14
68,Emirates Old Trafford,"â˜ï¸ @liaml4893 ğŸ’¥

You can watch @englandcricket in IT20 at Emirates Old Trafford next summer! ğŸ´ó §ó ¢ó ¥ó ®ó §ó ¿

Enter the ballot â¡ï¸ https://t.co/GQmWzsrBUK

https://t.co/AkPwLc6nEG",Thu Sep 12 14:55:20 +0000 2024,3,22
69,Jonathan Levitt,"Entering the 14th and final state Iâ€™ll visit/travel through this summer (+Scotland + England)! 

(And 8 of 9 this weekend) https://t.co/AcbPEjm8JM",Sun Sep 08 18:32:10 +0000 2024,0,2
70,Maghull High School,"This morning, Liam Mulligan (Y8), was invited into our staff briefing to celebrate his fantastic achievements in MMA. Liam represents England and this summer, achieved Silver in the MMA World Championships in Thailand. Congratulations, Liam. We are so proud of you. https://t.co/1GgKtghmPT",Thu Sep 12 08:43:39 +0000 2024,1,7
71,centredevils.,"ğŸš¨ğŸš¨ğŸ™ï¸| Harry Maguire: ""It's amazing to see all the lads. I can't wait to get going for England again. Obviously the summer was disappointing for me. It was a real tough moment in my career. I felt in a great place and it was so disappointing I couldn't overcome the injury I https://t.co/TdRkJGBzY1",Thu Sep 05 11:31:48 +0000 2024,35,844
72,Mike B! ğŸ¤ğŸ‡µğŸ‡­,"ğŸ“ @PortlandSeaDogs 

Squeezing out the last bit of that New England summer https://t.co/SPoiXFtAdx",Wed Sep 11 22:43:10 +0000 2024,0,4
73,MetDesk,You can flip from autumn to summer and back again over just a few miles right now in parts of England and Wales! https://t.co/QgGgbh99D8,Fri Sep 06 13:31:34 +0000 2024,2,17
74,Forestry England Dalby,"Did you know? Turtle Doves only visit the UK in the summer. â˜€

Due to the doves' protected status, @DalbyFriends help to create drinking pools here in Dalby for the Turtle Doves replenish their energy, before their 5000km flight to Africa for winter.

#wildlifewednesday https://t.co/qttHrtU8Oy",Wed Sep 11 16:11:00 +0000 2024,2,3
75,ESPNcricinfo,"Most runs by an England wicketkeeper in a home Test summer:

Jonny Bairstow: 753 in 2016
Alec Stewart: 499 in 1998
ğ—ğ—®ğ—ºğ—¶ğ—² ğ—¦ğ—ºğ—¶ğ˜ğ—µ: ğŸ°ğŸ´ğŸ³ ğ—¶ğ—» ğŸ®ğŸ¬ğŸ®ğŸ°

What a start by Englandâ€™s new gloveman ğŸ™Œ https://t.co/h9h1z1zMtr",Tue Sep 10 16:40:00 +0000 2024,66,2177
76,Don Penim,"113 YEARS AGO:
NY Times - September 10, 1911

~ RECORD HEAT IN ENGLAND ~
""The Hottest September 8 Ever Known""
- Water Famine Serious -

.. South Kensington = 92 in the shade
.. Sep 9 = 33rd day of summer with temperatures above 80 in London.  6th day where it reached 90
.. The https://t.co/sPltd0Rf93",Mon Sep 09 20:36:07 +0000 2024,0,3
77,Phil Perry,"WHAT WE LEARNED WEEK 1

The battle was won before it was fought.

â€œThe camp we had was very physical. We ran a lot. Very physical, day in and day outâ€¦ That's what it's for. We bust our ass in the summer and camp to get ready for games like this."" ğŸ”—â¬‡ï¸

https://t.co/YvojM8Sluf",Mon Sep 09 17:50:37 +0000 2024,3,16
78,NAQI HUSSAIN,"I have two spare tickets available for last match of summer in Wales ,Cardiff Sophia Gardens 
Australia vs England T20 match 1830Hrs starts on Friday,13th Sep 2024 
Any one interested please let me know. Thanks 
#AUSvsENG #AUSvENG #ENGvAUS #ENGvsAUS",Mon Sep 09 11:05:31 +0000 2024,2,0
79,PA Sport,#BreakingNews Sri Lanka have beaten England by eight wickets to win the summer-ending Test at the Kia Oval https://t.co/z7ISRbElYV,Mon Sep 09 12:05:13 +0000 2024,3,5
80,THFCMike,"This is what happens if you play to Harry Kaneâ€™s strengths. England didnâ€™t do that in the summer, but are doing so now.
#England #Kane https://t.co/EjYS29fqv2",Tue Sep 10 20:31:18 +0000 2024,4,22
81,Money Mo ğŸ,"Made it to Europe with my man my man my mannnnn ğŸ¥° 

Destinations: 
ğŸ“London, England 
ğŸ“Mykonos, Greece
ğŸ“ Paris, France 

Cheers to Virgo season + Euro Summer ğŸ¥‚",Fri Sep 13 01:39:43 +0000 2024,0,40
82,Extra Cover,"Joe Root in Test Summer 2024 : 

- 6 Tests
- 666 Runs 
- 74.00 Average 
- 143 Highest score 
- 3 Hundreds 
- 3 Fifties 
- 1 Wicket
- 8 Catches 

THE MVP OF ENGLAND IN TEST ğŸ https://t.co/xjlZydvDOK",Thu Sep 12 04:27:06 +0000 2024,0,25
83,Lawrence Booth,England ratings for the Test summer - from Atkinson and Root through to Lawrence https://t.co/wa5Hg4vmpP,Mon Sep 09 15:07:19 +0000 2024,2,15
84,England ğŸ´ó §ó ¢ó ¥ó ®ó §ó ¿,Can we really see Archie Next summer in Test set up,Thu Sep 12 13:01:29 +0000 2024,0,2
85,LuceğŸ‹ğŸ½â€â™€ï¸,"A little different to my usual study related postsâ€¦ but thrilled (and honoured) to announce iâ€™ll be representing Team England at the World Cheerleading Championships next summer!

Letâ€™s go EnglandğŸ´ó §ó ¢ó ¥ó ®ó §ó ¿ğŸ«¶ğŸ¼ https://t.co/yKWdmXwtFV",Sun Sep 08 18:01:55 +0000 2024,0,3
86,Karen Elizabeth Carpenter,"Summer is still here and sheâ€™s perfect.

If only we had an unlimited amount of New England Septembers. 

#stillSummer
#NewEngland
#summer https://t.co/rwUrj7VlY7",Mon Sep 09 22:26:25 +0000 2024,0,8
87,Brian Owen,An appropriate way to round off this summer of signings across men's and women's squads. #bhafc https://t.co/J4oHQPr9WU,Fri Sep 13 22:01:02 +0000 2024,0,14
88,New England Basketball Journal,"Alex Wilkins, one of the summer's biggest stock-risers from New England, announced his commitment to Furman.

The 6-5 guard for Brooks and Middlesex Magic explained why he chose Furman and his rapid development over the last year.

From @steve_hewitt: https://t.co/6v1ZPmvCsv https://t.co/UdbbouNssM",Fri Sep 13 21:44:18 +0000 2024,7,13
89,David Connolly,The space between the lines was similar to Jamaica in the Copa America this summer under Hallgrimsson. Venezuela got between the lines and England were able to do the same. https://t.co/vDA4ikZ8cK,Tue Sep 10 11:02:23 +0000 2024,0,6
90,The Sun Football âš½,"Darren Bent branded 'a horrible man' after naming WORST transfer of the summer

https://t.co/fdtHfjICdX",Sun Sep 08 14:02:36 +0000 2024,1,12
91,Socialist Voice,"South West England hit by over 100 sewage spills after a weekend of heavy rain

A group of businesses and residents in Exmouth are already taking South West Water to court over the impact that beach closures have had on the tourism trade over the summer https://t.co/pVOwq1K9IY",Mon Sep 09 17:36:37 +0000 2024,4,3
92,Lachy,@WG_RumblePants England did an Australia. Itâ€™s okay to drop off at the end of the summer. They just played a heap of cricket. ğŸ¤·ğŸ»â€â™‚ï¸,Mon Sep 09 14:02:17 +0000 2024,0,3
93,lis â™¥ï¸â›“ï¸,"no because why after literally 0 summer days, it hit september and england was like lets freeze them??",Fri Sep 13 07:52:49 +0000 2024,0,2
94,VisitEnglandBiz,"Our Director Andrew Stokes was a guest @morningad's 'Lock In' podcast talking #tourism, reflecting on the mixed summer for many destinations, highlighting the great visitor offer on our doorstep for all weather &amp; budgets as we head into autumnğŸ‘‚from 59.58 https://t.co/Fjh9oIoWXp",Mon Sep 09 15:46:07 +0000 2024,2,4
95,Numbers.lk,"@ZackSny08962300 The last time Sri Lanka played at The Oval in England was in the late summer of 1998. Murali took 16 wickets, Sanath scored a double century, and we won the game. Sri Lanka hasn't been given a match there since. This time, it's the first time since 1998 that we've been scheduled",Mon Sep 09 12:53:38 +0000 2024,0,6
96,Everything England ğŸ´ó §ó ¢ó ¥ó ®ó §ó ¿,"ğŸš¨ğŸ”µğŸ”´ | Keira Walsh requested to leave FC Barcelona this summer and she wishes to return to England and be with her family in a delicate personal moment.

BarÃ§a considers Keira the best in the world in an essential position in the team's game and for this reason it has rejected https://t.co/X2eShDlAkF",Fri Sep 13 18:38:47 +0000 2024,5,292
97,Graeme Wood,"TVğŸ“º8/9/87 BBC1 
5.0:Newsround 5.10:Chegwin Checks it Out 5.35:The Muppet Babies 6.0:News 7.0:No Place Like Home 7.30:EastEnders 8.0:Last of the Summer Wine 8.30:You Must Be The Husband 9.0:News 9.30:Truckers 10.20:Film - Carry On England https://t.co/GgfOdJTMHx",Sun Sep 08 18:55:04 +0000 2024,1,9
98,Emirates Old Trafford,"ğŸ§¨ @PhilSalt1 fireworks in Cardiff! ğŸ§‚ğŸ§‚ğŸ§‚

Donâ€™t miss @englandcricket in IT20 action at Emirates Old Trafford next summer! 

Enter the ticket ballot â¡ï¸ https://t.co/GQmWzsrBUK

https://t.co/PCdLMgtQGX",Fri Sep 13 19:35:29 +0000 2024,1,11
99,cricadda,"Joe Root won the Test player of the Summer award. ğŸ‘Œ

- The Greatest England Test batter ever.
#ENGvSL #ViratKohliğ“ƒµ #ViratKohliğ“ƒµ #ShubmanGill #RishabhPant #RuturajGaikwad #RavindraJadeja https://t.co/qPUY66Vgfu",Mon Sep 09 12:55:41 +0000 2024,0,2
100,Ù‹,quite comical that Southgate had these two players at his disposal and he let them both sit on the bench in the summer,Mon Sep 09 16:22:48 +0000 2024,0,14
101,SleeperFootball,"ğŸš¨| Manchester United could make a move for Crystal Palace and England forward Eberechi Eze next summer. 

[@MENnewsdesk] https://t.co/zH66fVvQUf",Tue Sep 10 11:55:04 +0000 2024,0,3
102,ESPNcricinfo,"A successful summer for England ends in a 'bit of frustration', falling short of winning every Test in their home summer - a feat not achieved since 2004 ğŸ˜

https://t.co/0VI3oNqofZ | #ENGvSL https://t.co/cXJl5i2K3f",Mon Sep 09 18:30:00 +0000 2024,8,94
103,The Armchair Critic,"For the umpteenth time:
Pak and WI cannot be grouped with Bang and Zim. It's stupid. When considering his away record in SENA, it is important to consider the fact he mostly played 2/3-match series without too many warm-ups and he toured England during early summer.",Tue Sep 10 19:16:57 +0000 2024,0,22
104,Rhodylin (like the state),Went to bed fully intending to get up early to go for a walk... woke up after 10am realizing quickly that failed lol so I decided to swap the walk for a couple hrs in the pool seeing as late New England summer has blessed us w/ a few more 80 degree days. Soaked in that sunshine!,Sat Sep 14 19:55:32 +0000 2024,0,7
105,ESPNcricinfo,"Just over 48 hours after their Test summer ended, England shift into T20 mode against Australia!

Stand-in skipper Phil Salt wins the toss and opts to bowl first in Southampton ğŸª™

https://t.co/1b0EXGMjls | #ENGvAUS https://t.co/5iLCwLqux9",Wed Sep 11 17:17:04 +0000 2024,6,112
106,England Cricket,"Good morning ğŸ‘‹

We require nine wickets to make it 6/6 Test wins this summer.

Where are you watching from? ğŸŒ https://t.co/oyTbtrhh4O",Mon Sep 09 09:12:41 +0000 2024,28,961
107,kwam,Jacksonâ€™s first in england playing his 2nd full season as a CF had more G/A and the eye test when you watch both is clear as day and night but â€œshould chelsea sign a strikerâ€ was the headline throughout the summer window. Jacksonâ€™s being labelled as a flop while this guy 1/2,Wed Sep 11 04:55:46 +0000 2024,0,5
108,Summer Huechtker,"A positive out here at Bishop England, I can hear the Dierks Bentley concert from @CreditOneStad ğŸ¤·â€â™€ï¸

@PSIronHorseFB lead @bishops_fb 7-0 after one quarter of play thanks to a long TD run from Darriel Porcher. @Live5News https://t.co/35hDvHcgot",Sat Sep 14 00:03:28 +0000 2024,1,15
109,Jack,England made Jimmy Anderson retire so we could watch Woakes and Wood bowl all summer and then they plucked Josh Hull out of nowhere into a Test Match.  Dan Lawrence opening the batting despite never done so in his life.  But remember the media will tell you everything is amazing.,Sun Sep 08 17:32:12 +0000 2024,0,7
110,Darren wyatt,"@poppygibsonuk Spring is best season,in anticipation for a long hot summer in EnglandğŸ˜ƒğŸ˜ƒ.
Ps where was the photo taken?",Fri Sep 13 15:17:56 +0000 2024,0,3
111,The Rugby Pod,"The Lads Are Back! England's Coaching Drama, Summer Holidays &amp; Pre-Season Lols ğŸŒ¹â˜€ï¸ğŸ¤£

Listen to the Full Podcast on Spotify ğŸ§ https://t.co/6mfHcD0r1R

#englandrugby #springbokrugby #newzealandrugby #argentinarugby https://t.co/ZuTj3oAF0h",Tue Sep 10 07:01:20 +0000 2024,3,10
112,The Final Word,"Sri Lanka wins and with some ease.

@cameronponsonby and @norcrosscricket discuss England's meek surrender in this Test and the summer as a whole.

@westfieldlondon #ENGvsSL 

ğŸ§https://t.co/AcMjaYO6Qw
ğŸ“ºhttps://t.co/WTnejIzTKX https://t.co/BlbAHOQPP3",Mon Sep 09 14:29:12 +0000 2024,0,2
113,Blaugranagram,"ğŸ’¥ Like Aitana BonmatÃ­, Keira Walsh has a â‚¬3 Million release clause. When Barcelona FemenÃ­ received offers over the summer, they reminded the other teams of this.

â˜€ï¸ BarÃ§a still think the door is open for Walsh to renew with them, rather than go back to England.

[h/t @espn] https://t.co/KLwicQdXs8",Sat Sep 14 13:24:21 +0000 2024,11,138
114,UNDAerospace,"Have you thought about studying abroad? 

This spring break and summer semester there are multiple week long study abroad trips to locations like: Japan, Ireland, England, and Vienna! ğŸŒï¸âœˆï¸

More info - https://t.co/Dx7MPvzYOd https://t.co/x3DtXuGzGC",Thu Sep 12 19:03:48 +0000 2024,0,3
115,GTP Engineering and farming,@ToppersSnr The Aussies? I can't imagine the Indians for next summer are either! Bumrah must be licking his lips looking at England's batting today!,Sun Sep 08 18:41:00 +0000 2024,0,2
116,AdamğŸ¦ˆğŸ°,"So a top level Prem + England International could play

Up to 20 games Prem
Up to 8 Champions Cup
5 Six Nations
4/5 Autumn 
3 Summer

A club could get punished for playing THEIR player because of the PGP rules means England get first dibs. Nothing like promoting the club game...",Tue Sep 10 17:57:00 +0000 2024,1,13
117,Livie.,New England summer dream. https://t.co/wCtvnznVpl,Sun Sep 08 20:24:43 +0000 2024,1,60
118,The King's School,"We are incredibly proud of Jacob Watson in Fifths who earned his first England cap this summer.

Congratulations Jacob!

Read more on our website - https://t.co/I2s5xTS9f7
@KSCSport1 https://t.co/4VdjBsObXF",Wed Sep 11 10:31:00 +0000 2024,0,9
119,Janice Hough,@neeratanden Hah. They are hoping we get riots like they did in England this summer with the lies that a murder suspect was an immigrant,Fri Sep 13 18:18:26 +0000 2024,0,4
120,YC. ~,â€¼ï¸ England midfielder Keira Walsh plays for Barcelona and does not want to extend her contract when it expires next summer - BBC Sport https://t.co/750lpDNKHE,Thu Sep 12 14:03:53 +0000 2024,0,2
121,CricTracker,Former England skipper Michael Vaughan has warned that Jasprit Bumrah could impact Joe Root's run-scoring next English summer. https://t.co/PF5V3B1pQN,Tue Sep 10 02:30:00 +0000 2024,4,122
122,Transfer Sector,"ğ™‰ğ™€ğ™’ğ™: Ivan Toney has not given up on his England career, despite moving to Saudi Arabia this summer.

[@Matt_Law_DT] https://t.co/rk4Mi37AYD",Wed Sep 04 15:13:38 +0000 2024,9,161
123,BowTied Runner,"Goodbye, New England Summer. https://t.co/Z4OOZQBLJ5",Fri Sep 06 22:58:14 +0000 2024,0,44
124,Transfer News,"Ivan Toney has not given up on his England career, despite moving to Saudi Arabia this summer. https://t.co/p8eawiG8Pf",Thu Sep 05 07:31:00 +0000 2024,41,214
125,kaağŸ¥ gemyfotâ€™s,"â™Šï¸: I went to England for a summer program for about a month and met someone. I canâ€™t remember their name now, but they were Thai and an older student. We went shopping together and our relationship developed until the third week.
#OneFunFacts #Fourthnattawat 
#Gemini_NT https://t.co/aS3aRWhcZS",Fri Sep 06 08:27:02 +0000 2024,47,163
126,UtdDistrict,"ğŸ™ï¸ | Harry Maguire:

""It's amazing to see all the lads. I can't wait to get going for England again. Obviously the summer was disappointing for me. It was a real tough moment in my career. I felt in a great place and it was so disappointing I couldn't overcome the injury I had."" https://t.co/jkW2jCQYbB",Thu Sep 05 11:12:14 +0000 2024,32,424
127,Matthew Todd ğŸŒğŸ”¥,The England/Lee Carsley story is yet another load of drivel distracting from the fact the planet just had its hottest summer in recorded history. https://t.co/MWQPZrMGNW,Sat Sep 07 22:09:19 +0000 2024,97,317
128,Terrence Higgins Trust,"We are delighted that Public Health Minister, @andrewgwynnemp, joined us at the @HIVPreventionEn Conference today and announced that the Government will publish a new HIV Action Plan for England by next summer. https://t.co/89XS5ehIEd",Fri Sep 06 12:56:57 +0000 2024,12,31
129,Times Sport,"This England performance was the worst of the Bazball era | âœï¸ @Athersmike 

Expectation was high for summer clean sweep, but England slumped to defeat that their sloppy cricket deserved

Read more â¬‡ï¸
https://t.co/8QwDDfhO3t",Mon Sep 09 15:32:01 +0000 2024,1,13
130,Team New England Basketball Club,"2026 6â€™10â€ @Collins32486199 finished the summer a @nikebasketball NY vs NY champ, @NERRHoops ranked #2 player in MA and easily the MOST improved player in New England.

I told him his time is now. Watching the @Newman_Hoops product at open gym yesterday, my prediction is ğŸ¯

ğŸ“ˆğŸ“ˆ https://t.co/22mANVXzgX",Sat Sep 07 21:15:45 +0000 2024,3,17
131,Positive News,"On the north Devon coast in England, 90 hectares of newly created rare wildflower meadows have come into bloom this summer
https://t.co/7Q5ILrKhEy https://t.co/XdtL1fewPL",Tue Sep 10 12:02:36 +0000 2024,2,13
132,Pulse Sports Nigeria,"Former Chelsea winger Victor Moses has returned to English football on a free transfer after leaving Russian side Spartak Moscow earlier in the summer âœï¸

Read more â¬‡ï¸ 
https://t.co/Ynryd45NBj

#PulseSportsNigeria
https://t.co/Ynryd45NBj",Tue Sep 10 10:59:23 +0000 2024,1,2
133,ESPNcricinfo,"Back at the scene of Englandâ€™s first T20I against Australia, Marcus Trescothick remembers the Southampton match in 2005 at the start of a famous Ashes summer ğŸ”¥ #ENGvAUS https://t.co/KoA2bTEnvu",Wed Sep 11 14:30:01 +0000 2024,4,63
134,MUFC - Talks,"[ğŸŒ–] - Manchester United are expected to continue tracking Everton centre half Jarrad Branthwaite after having two offers of Â£43m and Â£50m rejected for the England international in the summer. #MUFC

[@samuelluckhurst, MEN] https://t.co/TOR5nOZuZv",Mon Sep 09 08:53:26 +0000 2024,0,2
135,The Final Word,"ğŸ—£ï¸ ""There's been a lot of good things to come out of it. They're not the finished article. Atkinson and Smith are great for England."" - @norcrosscricket 

ğŸ´ó §ó ¢ó ¥ó ®ó §ó ¿ How do you judge England's Test summer?

#FinalWord ğŸ | @westfieldlondon ğŸ›ï¸ https://t.co/tXgf9LheDm",Mon Sep 09 14:52:24 +0000 2024,3,9
136,Dan_the_man,"@WisdenCricket The lad thatâ€™s been playing all summer as front line spinner for England, isnâ€™t even second best at his county.",Thu Sep 12 17:49:35 +0000 2024,0,6
137,Peter Tatchell,"Seven of 10 most deprived areas in England witnessed riots this summer - this is no coincidence

Hate is stoked by racists but also by the anxiety, hopelessness &amp; deprivation of the 'left behinds'

Read @CompassOffice report on how to defeat far right &gt;
https://t.co/SRUh3kyoA8",Mon Sep 09 08:00:58 +0000 2024,4,8
138,ECIU,"New analysis of government data suggests that England is heading for one of its worst harvests on record.

Tom Lancaster: ""Itâ€™s been a year to forget for many farmers, as the recent benign summer has failed to make up for months of rain over the winter""

https://t.co/8cDRGSz3CY https://t.co/EsHP2aYsz3",Tue Sep 10 13:00:13 +0000 2024,2,3
139,James,"Solid late addition for #hcafc who have pieced back together a competitive summer after what was looking like a bleak window with a few days to go.

Hope Alzate can show his quality in England at the second time of asking.",Mon Sep 09 21:35:47 +0000 2024,0,3
140,West Ham Till I Die,"Heâ€™s West Hamâ€™s most expensive signing of the summer, speaks Russian and has appeared for Genesis, but has yet to break into the England squad (when it comes to proper football that is), writes Kirk Blowsâ€¦ #WHUFC #COYI

https://t.co/UAGIAZooNO",Wed Sep 11 20:29:34 +0000 2024,1,3
141,CELINE,"CELINE 23
THE BRIGHT YOUNG CAMPAIGN

MEN SUMMER 25

CELINE TAILORING
CELINE CLASSIC FLANNEL JACKET

CELINE CLUB TIE

COLLECTION AVAILABLE IN STORES AND ON https://t.co/Attj53A35I ON FEBRUARY 8TH

LOUIS
HEDI SLIMANE PHOTOGRAPHY AND STYLING
HOLKHAM, NORFOLK, ENGLAND
JUNE 2024 https://t.co/43Qi7WhOWy",Thu Sep 12 07:53:22 +0000 2024,3,50
142,Gardens Illustrated,"One hundred years ago, England and Wales had more than seven million acres of flower-rich meadows, cut for hay in summer and occasionally grazed by livestock.  https://t.co/GqAtzvSr68",Thu Sep 12 14:01:00 +0000 2024,2,7
143,Robin Fisher,Fantastic by @SomersetCCC pity I went into the garden when Surrey were 3 down and a draw looked nailed on! Tell my why @jackleach1991 hasnâ€™t played for England this summerğŸ¤·ğŸ»â€â™‚ï¸,Thu Sep 12 17:10:19 +0000 2024,0,2
144,Habitual Line StepperğŸ‡°ğŸ‡³,England fans spend the whole summer telling me Trent canâ€™t play fb @Kah_Arii,Tue Sep 10 20:20:11 +0000 2024,0,2
145,Westen,This is the only Test this summer where Root didn't had a fifty plus score and now England are losing it. The way he got out in the second innings was very disappointing. #ENGvSL,Sun Sep 08 19:06:33 +0000 2024,4,14
146,Nikhil ğŸ,"The Aussies are back in England - for the first time since that headline-making Ashes series last summer. This time for 3 T20I and 5 ODI games. Watch live: https://t.co/kutiMyKNhm #EngvsAusOnFanCode

https://t.co/XJWBbzFmKV",Wed Sep 11 09:17:25 +0000 2024,15,21
147,Historic England,"This week marks the end of our Heritage Building Skills Programme Summer School. âš’ï¸

Over the past 5 weeks, our apprentices have been getting hands-on training at @LMCollege on traditional heritage crafts including joinery, stonemasonry and plastering. https://t.co/ft0ky8DpAy",Fri Sep 06 08:59:52 +0000 2024,0,9
148,Mail Sport,Ex-Premier League winner bizarrely accused of doing his upmost to avoid being sold during summer transfer window - just one year after leaving England https://t.co/PeZAuyWkdJ,Mon Sep 09 15:40:35 +0000 2024,4,8
149,PA Media,"The Prime Minister should not leave a job â€œhalf doneâ€ in his response to the summer riots, a think tank has said as it criticised the â€œvacuumâ€ in policy around community cohesion

âœï¸: @aine_fox 

https://t.co/n3W7zxqFMb",Thu Sep 12 07:22:00 +0000 2024,0,2
150,Brighton Albion news,Albion complete unprecedented summer by signing England star from Manchester United https://t.co/JfUiL2D9cy https://t.co/yhY9CFq8fN,Fri Sep 13 22:35:11 +0000 2024,0,9
151,Facungod,"@that_bloxer Come on. How hot can the surface of the sun be compared to an Argentine summer? I'd rather burn alive than go anywhere near England. (Just kidding, I'm an Argentine stereotype)",Sat Sep 14 02:37:29 +0000 2024,0,2
152,Tony Dowson,"""The government hopes a ban on evicting tenants in England without a reason will be in place by next summer, Housing Minister Matthew Pennycook has said.""

https://t.co/9dXuhcFwcA",Wed Sep 11 11:19:24 +0000 2024,0,4
153,George Allan,"Iâ€™ve been away and missed the American president debate. Is it worth tracking down? Also, I see England lost the final Test of the summer. Itâ€™s not a game to take lightly, Test Match Cricket.",Wed Sep 11 17:02:48 +0000 2024,0,2
154,Wisden,"Old issues peek through ğŸ‘€
Atkinsonâ€™s golden summer ğŸ†
Big runs left on the table ğŸ˜¬

England wrapped up their home Test summer with standout performances and memorable moments, despite a big defeat in the final Test at The Oval.

Read here â¡ï¸ https://t.co/Bo7eDOQIqc https://t.co/7kNk4KhXD6",Mon Sep 09 16:02:00 +0000 2024,0,9
155,The Sportsman,"ğŸ´ó §ó ¢ó ¥ó ®ó §ó ¿ Angel Gomes completed 116 passes against Finland.

That's 34 more than the next nearest England player, Trent Alexander-Arnold with 82. ğŸ”

The former #MUFC man, who's a free agent next summer, has given England a great option moving forward. ğŸ‘

#ThreeLions | #ENGFIN https://t.co/TFMfNv8le4",Tue Sep 10 21:14:45 +0000 2024,2,35
156,Cricketism,"Joe Root was awarded the Test Player of the Summer for England !! What a phenomenal summer heâ€™s had !! ğŸŒŸğŸ‘

#KLRahul #RishabhPant #ShubmanGill #PathumNissanka #RohitSharma #ShreyasIyer #INDvsBAN #ENGvsSL 

 https://t.co/1KPs1ABH70",Mon Sep 09 15:14:31 +0000 2024,0,6
157,Steam Dreams Rail Co,"The tracks of Kentâ€™s countryside burst into life each summer with our Garden of England tours. ğŸŒ²

With this summer's tours complete, let's savour the moment by reliving the magic with this mesmerising video of 70000 Britannia in action. ğŸš‚

ğŸ“¸ IG: the_red_teapot

#steamdreams https://t.co/E6roZkGpQR",Sat Sep 07 08:00:07 +0000 2024,7,60
158,Lava Dog,Going on our 3rd straight week of perfect weather here in Massachusetts. Despite the calendar saying itâ€™s still summerâ€¦itâ€™s been fall like and itâ€™s king in New England. https://t.co/d0xN4Q02hJ,Fri Sep 13 10:53:40 +0000 2024,0,117
159,ESPNcricinfo,"Sri Lanka need 125 runs for a magnificent win at The Oval, England need nine wickets for a clean sweep... 

Tune in for the final day of the English Test summer: https://t.co/wXld9D8ss6 https://t.co/OP1MnKefPs",Mon Sep 09 09:55:54 +0000 2024,8,137
160,Matt Hampson,"A massive thank you to Gravity Fundraisers, who raised an incredible Â£25k for the Foundation through a Paris-to-London cycling event earlier this summer!
 
England rugby legend Dean Richards and Mattâ€™s dad Phil Hampson were among the riders who cycled between Paris and London https://t.co/fyxBSwmWiv",Tue Sep 10 09:01:31 +0000 2024,0,10
161,Wisden,"ğŸ—£ï¸ ""This is a nice little wake up call for England that you don't take the game, or your opposition, for granted at any time.""

@markbutcher72 reflects on a home summer that saw England win five of their six Tests against West Indies and Sri Lanka.

#ENGvSL https://t.co/OizfbfAv05",Tue Sep 10 18:00:01 +0000 2024,0,8
162,kmfm news,NEWS: Make sure you enjoy the last little bit of summer! #kmfmnews https://t.co/2nXfR1uS8n,Sat Sep 14 10:57:58 +0000 2024,0,3
163,Cosmin Cristea,"The National Cup draw has been kind to us.

Testing ourselves against the England champions who proudly represented the country in the @UEFAFutsal Champions League this summer.",Wed Sep 11 09:22:50 +0000 2024,0,6
164,InsideSport,"Former England captain Michael Vaughan warns Joe Root ahead of facing Jasprit Bumrah in the next English summer.

#INDvsENG #JoeRoot #JaspritBumrah #CricketTwitter https://t.co/fTAll8vBzz",Tue Sep 10 04:39:48 +0000 2024,0,5
165,Cheburashka,"@jdflynn I went to a whaling museum in New England this summer and was absolutely ready to sign up for the Pequod. Clearly Iâ€™ve been growing grim about the mouth, and it is a damp, drizzly November in my soul.",Mon Sep 09 16:29:28 +0000 2024,0,2
166,Chris Stocks,England (69-5 and leading by 131) need something here otherwise they'll end the summer with a defeat. Possibly tonight.,Sun Sep 08 14:25:34 +0000 2024,0,4
167,Mass Brewers Guild,"Soak up the last few moments of summer with a taste of the South Shore with Piping Plover, a citrusy New England IPA with Citra &amp; Centennial hops from Forty Second Brew Co. in Kingston, MA.  ğŸŒ… 

#DrinkMassMadeBeer #MBGMember #craftbeerlover https://t.co/qfvdn2V1uR",Thu Sep 12 21:06:08 +0000 2024,1,5
168,Mail Sport,'We told you!' Gary Lineker lauds Lee Carsley for addressing THREE problems England fans had with Gareth Southgate at Euro 2024 in his first game as Three Lions interim manager - issues the pundit was criticised for raising in the summer https://t.co/j1vrZUKAyj,Mon Sep 09 08:48:31 +0000 2024,0,5
169,A,@SkyCricket This is insane. Sky is complicit in destroying English cricket with The One Hundred bulls**t. England v Australia should be summer primetime billing.,Wed Sep 11 17:15:07 +0000 2024,0,2
170,Daniel Brigham,"Not been a classic Test match summer, but the emergence of Atkinson and Smith for England, the hundreds from Hodge and Nissanka, and both West Indies and Sri Lanka having a bunch of talented youngsters, mean itâ€™s been good fun for the most part.",Mon Sep 09 12:00:30 +0000 2024,2,15
171,AmerCric ğŸ âœï¸,Bet England are covertly regretting having forcibly retired Jimmy Anderson before the end of the Test summer. #ENGvSL,Mon Sep 09 20:13:39 +0000 2024,0,4
172,ESPNcricinfo,Gus Atkinson and Jamie Smith burst onto the scene as Bazball 2.0 began to take shape  https://t.co/S1qBhB7KgR,Wed Sep 11 21:30:00 +0000 2024,1,28
173,Rob McDowall AMRSPH FRSA,"Great! If it comes in next Summer, itâ€™ll only be 7 years behind Scotland.

The UK government hopes a ban on evicting tenants in England without a reason will be in place by next summer, Housing Minister Matthew Pennycook has said https://t.co/MntTXaU8Xe",Wed Sep 11 20:25:53 +0000 2024,2,7
174,mikey,"@Parksy17 England will give him a long rope. Unless heâ€™s disastrous in Pakistan and next summer heâ€™ll play the Ashes, but I would take Leach back in a heartbeat. There is no rush with spinners, sometimes they arenâ€™t ready until theyâ€™re nearly 30.",Fri Sep 13 10:49:29 +0000 2024,0,2
175,England's Barmy Army ğŸ´ó §ó ¢ó ¥ó ®ó §ó ¿ğŸº,"Defeat in the final Test of the summer. Congratulations to Sri Lanka! ğŸ´ó §ó ¢ó ¥ó ®ó §ó ¿ğŸ‡±ğŸ‡°

#ENGvSL | @flysrilankan https://t.co/hXNeIiyh9H",Mon Sep 09 12:07:18 +0000 2024,13,362
176,Circle of Cricket,"#JoeRoot gave a 'Coldplay' example after England lost their final Test match of the summer to Sri Lanka.

#ENGvSL #England #SriLanka https://t.co/QrPUvNhXL0",Tue Sep 10 06:09:59 +0000 2024,0,4
177,Talk,"â€œThe great irony is that Labour are in favour of landlordism, but only state landlordism.â€

The Government aims to ban ""no-fault"" evictions in England by next summer, as part of the Renters' Rights Bill being introduced to Parliament.

@iancollinsuk | @HCH_Hill | #Talk https://t.co/rYx98JkKsj",Wed Sep 11 12:40:11 +0000 2024,10,26
178,Doccy B ğŸŒ¿ğŸŒ¿ğŸ¦”ğŸŒ¿ğŸŒ¿ğŸğŸŒ¿,"It's been a miserable year for many farmers &amp; smallholders in England. Warm wet winter, cool wet spring, late cool summer &amp; early frosts. On top of this a decline in pollinators. Harvest of our main crops is down &gt;20% &amp; beans are non-existent ğŸ˜”
Let's talk about #FoodSecurity",Fri Sep 13 10:06:02 +0000 2024,3,6
179,WG RumblePants,"If England have learnt anything this summer, itâ€™s that (to nobodyâ€™s surprise) Dan Lawrence is not an opener. 

Can Surrey have him back now please? https://t.co/dfP4crawCw",Fri Sep 06 10:49:29 +0000 2024,14,668
180,ESPNcricinfo,"A defeat at The Oval would give England cause for reflection at the end of a summer in which they have rarely been tested | @Vitu_E âœï¸ 

https://t.co/UH2GpIUR3B #ENGvSL https://t.co/rmo4fDbBTw",Mon Sep 09 07:14:46 +0000 2024,11,292
181,Nathan Ings,@clinicalkai Then why did Saka do fuck all for England this summer? Palmer did more in his cameos than Saka did starting? Who set up Watkins against the Netherlands? Who scored at Spain.,Mon Sep 09 11:15:27 +0000 2024,0,5
182,England Rugby,@AllBlacks Remember this stellar performance in the summer ğŸ¤© https://t.co/jkdbyivWN9,Thu Sep 12 11:14:59 +0000 2024,1,33
183,The Sun Football âš½,"Darren Bent branded 'a horrible man' after naming WORST transfer of the summer

https://t.co/u72fTy1wiq",Sun Sep 08 20:42:19 +0000 2024,1,7
184,0wen ğŸ‡®ğŸ‡ªğŸ‡µğŸ‡¸,Why am I seeing all these unionist cunts popping up and saying shit? Yous said fuck all when England booed EVERY SINGLE OPPONENTS anthem in them summer,Sun Sep 08 18:07:13 +0000 2024,0,2
185,jonathan muench,@Mavs_FFL I went to England this summer and found one there ğŸ˜…,Fri Sep 13 23:40:41 +0000 2024,0,2
186,Forbes SportsMoney,"Annika Sorenstam is hosting a 14-night golf voyage with Regent Seven Seas Cruises in summer 2025 that will make stops at golf courses in England, Ireland and Scotland. 
https://t.co/Yq6R6P3VY1 https://t.co/FWqw6OWudU",Wed Sep 11 23:20:10 +0000 2024,1,3
187,Dorset School Games,"Thank you to @Haymoor_Junior, @TwynhamPrimary and @TwynhamSchool for participating in the Active Lives Survey during the summer term. You have all qualified for a full report from @Sport_England. ğŸ‘ğŸ» This will be emailed to you on the 20th September. 

#Activelives https://t.co/stGSuMHn3f",Mon Sep 09 07:00:01 +0000 2024,0,2
188,ESPNcricinfo,"Gus Atkinson has been withdrawn from England's ODI squad to face Australia to rest up after his breakout Test summer, with Olly Stone taking his place ğŸ”

Full story: https://t.co/DUWsvvYsxH https://t.co/HheSuyCyVx",Mon Sep 09 15:10:03 +0000 2024,3,156
189,Paul Barker,"@CricketRef Yes very poor from England in this test. As usual, very hit and miss. The big 2, India and Australia won't be losing any sleep over what they will have seen this summer. Some exciting moments throughout both series but very low in quality generally.",Sun Sep 08 17:10:52 +0000 2024,0,13
190,Johns.,"Joe Root won the Test player of the Summer award. ğŸ‘Œ

- The Greatest England Test batter ever. https://t.co/qKIM3oHLho",Mon Sep 09 12:26:29 +0000 2024,101,4057
191,katcher,"@wideawake_media England has hardly had any summer this year, thanks to sun dimming.",Mon Sep 09 21:50:39 +0000 2024,0,6
192,DC_Draino,"Iâ€™m on a ferry in New England and there are uniformed DHS cops temporarily stationed aboard

First time Iâ€™ve seen this in decades taking this ferry during the summer

Anyone know whatâ€™s going on?

Terrorists coming through our open border?",Wed Aug 28 13:50:01 +0000 2024,1049,4592
193,Zoo New England,"Our #Conservation team spent the summer tracking a new (to us) species and ""the season has been nothing short of amazing!"" Keep reading about our work on the water studying #diamondbackterrapins in #BuzzardsBayâ†’ https://t.co/xGxcygg14n

#turtles #massachusetts https://t.co/4wZA2iONoi",Wed Sep 11 01:25:05 +0000 2024,0,19
194,KASHISH,"India's full tally ""in England"" since '84 is 37 Tests, including two WTC finals. From their first trip in 1932, India have overall played 69 Tests in England. By next summer, this would rise to 75 Tests.",Mon Sep 09 11:52:13 +0000 2024,0,2
195,Forestry England Dalby,"Some say summer is over â˜€

We say... this is your opportunity to enjoy the remaining sunshine! ğŸ˜

Head to the forest this weekend for some rays of goodness ğŸŒ² https://t.co/6dFrfbwZFm",Sat Sep 14 07:43:00 +0000 2024,0,4
196,Rory Dollard,England hopes of unbeaten Test summer wrecked as Sri Lanka claim memorable win https://t.co/FDpcf4gHBn,Mon Sep 09 12:54:50 +0000 2024,2,1
197,Matt is now in Canada,"England are in danger of losing 1 (one) test in a 6 test summer, having already won the series, with a captain, an opening batter and several bowlers down injured and they are suddenly â€œthe least likeable side in memoryâ€ 

Seriously you people deserve the 2022 Windies tour.",Mon Sep 09 04:39:56 +0000 2024,0,2
198,Tyrone Marshall,"That was a pretty complacent Test match from England. Batted with reckless aggression at times, set overly attacking fields that suggested wickets would fall into their lap and then just leaked runs. A very casual performance to finish the summer off #ENGvsSL",Mon Sep 09 12:13:39 +0000 2024,0,10
199,We're On Our Way,"@AndyCatanach Dublin hangover more like ğŸ˜‚

It's been a lonnng summer for a lot of fans and after a weekend in Dublin I can see why people don't want to travel across the country on a Tuesday night for a glorified Friendly -  even more so with half the M6 closed tonight!

I'll be there though!",Tue Sep 10 14:47:33 +0000 2024,0,7
200,Mark Goldbridge,"Luke Shaw is an injury doubt then....I mean I have no words. Not played for us since February, spends the summer getting fit for England, comes back not fit for United.",Thu Aug 08 15:37:13 +0000 2024,564,10360
201,Clarissa,"Well done, Sri Lanka. Shocking by England who now need to give their heads a good wobble. Nothing on display this summer that'll give India or Australia too much cause for concern next Summer/Winter at the moment. #ENGvSL",Mon Sep 09 12:20:38 +0000 2024,0,5
202,England's Barmy Army ğŸ´ó §ó ¢ó ¥ó ®ó §ó ¿ğŸº,"Test summer âœ…
White-ball series vs Australia ğŸ”œ https://t.co/mKgwT2kOeM",Mon Sep 09 15:12:40 +0000 2024,3,314
203,KASHISH,"Jamie Smith is England's find of the summer. For all his keeping genius, Ben Foakes never offered them enough runs. This is a genuine No.6, who'd be batting No.7 in normal circumstances when Stokes' back.",Sun Sep 08 15:43:44 +0000 2024,4,24
204,ESPNcricinfo,"England missed their chance for a perfect Test summer, but the agenda swiftly moves on with Australia in the house!

The #SwitchHit podcast crew round up Sri Lanka's win at The Oval and chat about England's latest white-ball overhaul ğŸ§

https://t.co/ajphlsI3EW",Wed Sep 11 17:30:00 +0000 2024,1,37
205,Indy Left : 23,These England minutes have been really helpful for Anthony Gordon. He's steadily playing himself back into form after the debacle of the Summer.,Tue Sep 10 20:10:08 +0000 2024,0,2
206,Peter Tatchell,"Seven of 10 most deprived areas in England witnessed riots this summer - this is no coincidence

Hate is stoked by racists but also by the anxiety, hopelessness &amp; deprivation of the 'left behinds'

Read @CompassOffice report on how to defeat far right &gt;
https://t.co/SRUh3kyoA8",Sat Sep 07 11:30:12 +0000 2024,5,12
207,The Cricket Paper,"ğ—˜ğ—•ğ—¢ğ—¡ğ—¬ ğ—¥ğ—”ğ—œğ—¡ğ—™ğ—¢ğ—¥ğ——-ğ—•ğ—¥ğ—˜ğ—¡ğ—§ ğ—–ğ—¢ğ—Ÿğ—¨ğ— ğ—¡

After a solid summer, England will look to dominate winter tours...

ğŸ¤¼ Selection decisions
ğŸ’ª Where they will be challenged most
ğŸ’¥ State of Bazball

https://t.co/1z3Y1ffkz5",Wed Sep 11 07:00:01 +0000 2024,0,1
208,Harrison Burridge,"Sri Lanka earnt that. If it wasn't for a wild session or two in the first two Tests, this win could hold more significance.

England deserved to lose. Since the first day, they've made a mess of their own doing compounding error after error. Chance of a perfect summer gone.",Mon Sep 09 12:10:00 +0000 2024,0,5
209,TheWomensFootballInsight,"International News ğŸ´ó §ó ¢ó ¥ó ®ó §ó ¿

Lauren Smith has been appointed as the new head coach of the England U19 women!

She left her role as Bristol Cityâ€™s head coach this summer after 3 years at the club!

She had won the Championship title with the club!

@Lionesses @BarclaysWC @bristolcitywfc",Wed Sep 11 13:10:40 +0000 2024,0,2
210,Out Of Context Cricket,"The Aussies are back in England for the first time since that epic Ashes series last summer. This time, it's a T20I and ODI clash. Expect fireworks! Watch live: https://t.co/L22D3oTtsk #EngvsAusOnFanCode https://t.co/F8CGx5rMpn",Wed Sep 11 09:32:30 +0000 2024,10,292
211,THE CUREverse,"#TheCure photographed by Tom Sheehan in summer 1994 at Haremere Hall in Sussex, England. https://t.co/0zYM0hhSlA",Mon Sep 09 17:07:14 +0000 2024,10,117
212,Test Match Special,"A bad week for England, but a good summer. https://t.co/XQndL8tkU1",Mon Sep 09 16:00:00 +0000 2024,12,226
213,Women's Cricket Blog,Ireland beat England by 3 wickets to end England's unbeaten summer......,Wed Sep 11 18:36:42 +0000 2024,0,4
214,Millen Kid,"@gunsnrosesgirl3 Thatch is a natural insulator, keeping homes cool in summer and warm in winter, and many of England's thatched roofs have lasted over 600 years. ğŸ˜ƒ https://t.co/FiW1wgZ8PM",Sat Sep 14 06:04:47 +0000 2024,0,3
215,Mail Sport,"ENGLAND TEST SUMMER PLAYER RATINGS: Gus Atkinson showed he belonged at this level, but which star must do better and who has done his selection chances more harm than good? https://t.co/uphof8rh3Z",Mon Sep 09 14:33:41 +0000 2024,0,3
216,Kick Off Merchants,"Released over the summer! Our Hey Jude T-shirt! #ENGFIN

https://t.co/zrMnWoqcgB https://t.co/OSjFwtWNgo",Tue Sep 10 17:50:00 +0000 2024,1,2
217,ParteekNotPrateek,Jamie Smith just made it 6-0 for England in the summer after years.,Sun Sep 08 15:44:22 +0000 2024,0,2
218,Netting Professionals ğŸŸï¸,"We're still buzzing over the summer we had in Summer Ball, like bringing our BP Turtle Pro to the New England Collegiate Baseball League Champion Newport Gulls! ğŸ†   

Champions Choose Netting Professionals! ğŸ”¥ https://t.co/tR8g1WBjsi",Mon Sep 09 16:00:36 +0000 2024,0,2
219,Mark Divver,"Northeastern assistant coach Jason Guerriero leaving the Huskies to work for USA Hockey as Director of Player Development

He'll be in charge of Massachusetts and New England Districts

An NU alum, Guerriero will coach USA Hockey's Five Nations team next summer",Wed Sep 11 00:30:47 +0000 2024,9,94
220,Thornbill9,"@xfods @EliasRo61004439 @DariettooDe @Lover_girlll10 @RackiRMA @UtdEIIis Canâ€™t compete in the ucl *were going through against psg before the Araujo red and two starters for Spain squad that handily beat Germany, France and England this summer. Still some development to go to beat city/madrid but solidly second tier already",Mon Sep 09 01:01:15 +0000 2024,0,4
221,Mail Sport,England suffer EMBARASSING defeat to Sri Lanka by eight wickets thanks to Pathum Nissanka's unbeaten century - as hosts fail to complete 100 per cent home summer for first time in 20 years https://t.co/anpzklUpFz,Mon Sep 09 12:32:13 +0000 2024,2,9
222,Dr Elisa Perego,"The elite middle and long-distance runner, son of former England footballer Danny Mills, had won silver in the 5000m at theÂ European ChampionshipsÂ in Rome, earlier in summer 2024. Heading into Paris with high hopes, Mills' Olympic run was, however, badly derailed by Covid",Fri Sep 13 01:53:01 +0000 2024,0,4
223,Times Sport,"Only Joe Root, Jamie Smith and Gus Atkinson enhanced reputations

Ben Duckett was frustratingly wasteful while Josh Hull showed potential in the defeat by Sri Lanka at the Oval which took the gloss of Englandâ€™s summer

Tap for @swildecricket's verdictâ¬‡ï¸ 

https://t.co/1mlyblq1Xl",Mon Sep 09 17:30:00 +0000 2024,0,3
224,Cricket Reformation,"In the summer of 2023, England prepared for The Ashes by playing golf, picked an unfit Bairstow to keep +Ali,who hadn't played in four days cricket for years.They didn't win it. Afterwards, they decided to go the other way,and treat every single series as a pre Ashes net session.",Mon Sep 09 11:36:39 +0000 2024,2,45
225,roy chandler #FBPE #blm #notmybrexit,"@cameronponsonby Yeah, and when we play India next summer and the Aussies in Australia we will see how relevant those figures are. I hope that I am wrong but I am confident that England will not win more than two of those upcoming games, and will lose both series heavily.",Sun Sep 08 13:34:52 +0000 2024,0,2
226,England's Barmy Army ğŸ´ó §ó ¢ó ¥ó ®ó §ó ¿ğŸº,England have still won five of their six Tests this summer ğŸ¤· https://t.co/1KZSUWFG7D,Tue Sep 10 07:59:34 +0000 2024,10,412
227,Helena O'Connor,"I think we skipped spring and went straight to summer, but also spooky season will be autumn for me forever because i was in the us in oct every year for like 8 yrs and then lived in england, lol ğŸƒ",Wed Sep 11 05:05:35 +0000 2024,0,2
228,Grateful Dead,"The Dead closed out their summer tour at the Maine State Fairgrounds in Lewiston on this day in 1980. It was a beautiful late summer day in New England, filled with the energy of the seasonâ€™s final show. The night was made even more special with the return of â€œThe Wheelâ€ to the https://t.co/KEvVV9CdsK",Fri Sep 06 18:15:18 +0000 2024,22,207
229,Layth,England team news from here at Wembley. Lee Carsley picks Declan Rice &amp; Bukayo Saka in the starting line up after the pair played the full 95 minutes in Dublin after an extremely busy summer on the back of nearly 12 months of football. Will he make them play the whole game again https://t.co/OQz2WXCCX8,Tue Sep 10 17:44:19 +0000 2024,6,39
230,karen unrue,Yes 2 days 5 yrs ago -we called it summer ğŸ˜³ - Englandâ€™s not known for its great weather unfortunately,Fri Sep 13 07:46:14 +0000 2024,1,5
231,ğŸˆ´ï¸,We need Trent to Madrid asap cos pool are clearly copping Gordon next summer,Mon Sep 09 15:36:28 +0000 2024,0,42
232,The Cricket Paper,"ğ—˜ğ—•ğ—¢ğ—¡ğ—¬ ğ—¥ğ—”ğ—œğ—¡ğ—™ğ—¢ğ—¥ğ——-ğ—•ğ—¥ğ—˜ğ—¡ğ—§ ğ—–ğ—¢ğ—Ÿğ—¨ğ— ğ—¡

After a solid summer, England will look to dominate winter tours....

ğŸ¤¼ Selection decisions
ğŸ’ª Where they will be challenged most
ğŸ’¥ State of Bazball

https://t.co/1z3Y1ffkz5",Wed Sep 11 15:00:02 +0000 2024,0,1
233,"buenas tardes, amigo",@lefttwick They saw what happened in England this summer and want that here. They want race war.,Thu Sep 12 03:31:08 +0000 2024,0,7
234,The Cricketer,"England's profligacy brings valuable reminders after promising summer | ğŸ–Šï¸ @GeorgeDobell1 

#ENGvSL 

https://t.co/KdGXYfNjBv",Mon Sep 09 16:33:49 +0000 2024,1,3
235,Guardian sport,â€˜Itâ€™s been a lot â€¦ It is full onâ€™: Jamie Smith takes stock of first Test summer https://t.co/jfoi0uGgJK,Tue Sep 10 12:17:04 +0000 2024,0,5
236,CELINE,"CELINE 23
THE BRIGHT YOUNG CAMPAIGN

MEN SUMMER 25

CELINE BLACK TIE

COLLECTION AVAILABLE IN STORES AND ON https://t.co/Attj53A35I ON FEBRUARY 8TH

CHARLIE
HEDI SLIMANE PHOTOGRAPHY AND STYLING
HOLKHAM, NORFOLK, ENGLAND
JUNE 2024

#CELINEBYHEDISLIMANE https://t.co/5a1LHvl27g",Tue Sep 10 14:14:36 +0000 2024,6,57
237,England Cricket,Watch the key moments from our sixth and final Test match of the summer ğŸ‘‡,Mon Sep 09 12:29:50 +0000 2024,7,116
238,Historic Cricket Pictures,"Jack O'Connor unleashes the squarest of square drives on his way to 123 for Essex v Middlesex, Leyton, May 31st 1928.  That summer he scored 2325 runs at 47.44. He won the first of his four England caps the next season https://t.co/tbcrQ75l4n",Wed Sep 11 20:54:21 +0000 2024,2,33
239,CharlotteğŸŒ»,"A lot of tweets rightly calling out Southgate for not playing Trent &amp; somehow weâ€™re currently looking at him leaving on a free this Summer.

England fans finally seeing what Reds have been saying for years. Get that contract done before another club gets to see his glory years.",Tue Sep 10 20:56:58 +0000 2024,0,2
240,Soorya Sesha,The last time England went through a home summer without dropping a Test was 2013. This was their best chance to correct that but it wasn't to be. Still a highly dominant home run though particularly with Anderson retiring and Stokes not there vs SL #ENGvSL,Mon Sep 09 12:14:58 +0000 2024,0,8
241,Mail Sport,"England are taking shape under Bazball 2.0 after series wins over West Indies and Sri Lanka - but summer victories are only small steps to bigger and greater tests, writes NASSER HUSSAIN https://t.co/ebvOwr1HKh",Mon Sep 09 17:36:09 +0000 2024,0,7
242,Amanda Pritchard,"The report found NHS activity has increased and there is a rise in the complexity of the care we provide too. This is also evidenced in today's stats showing we've just had our busiest summer ever, managing over 6.8 million attendances.

â¡ï¸ https://t.co/dxBDBMfjjH",Thu Sep 12 14:55:03 +0000 2024,3,26
243,Jeff Lamb,"@Sorenthek I've a long story about how Bernie's brother rented a room from me on Capitol Hill DC in the 1980s. I had a townhouse on Capitol Hill. Bizarre. He stayed a summer and was far from his wife (a nurse, I think) in England. Vin: I don't know if I've ever met anyone more depressed.",Thu Sep 12 23:47:15 +0000 2024,0,3
244,Steve Taylor,"The NHS has had its busiest Summer ever with 6.8million attendances @AmandaPritchard 

Iâ€™m guessing the 90million GP practice donâ€™t count

NHS England has cut GP practice funding by 20% Â£/patient in 8yrs 

Perhaps this an indication of the problem at the top https://t.co/za4ENzRL68",Fri Sep 13 10:35:00 +0000 2024,17,24
245,Seema McArdleâœï¸ğŸ“šâ˜•ï¸ğŸ•Šï¸,"@SRTRC_England @ChristineBlower @NazekRamadan @MigrantVoiceUK @CalmLeadership @IanLaveryMP @AndyMcDonaldMP @SeemaMalhotra1 @rach_hopkins @SRTRC_England CEO @GedGrebby reminded us of the horrific #racist violence we all witnessed in the #UK this summer, highlighting why anti #racism #education is needed in our National Curriculum, as well as appropriate #teacher training.
#teachers @NEUnion https://t.co/ONpwwKqZ8X",Tue Sep 10 22:02:39 +0000 2024,2,11
246,CELINE,"CELINE 23
THE BRIGHT YOUNG CAMPAIGN

MEN SUMMER 25

CELINE TAILORING
CELINE CAMDEN JACKET

CELINE DERBIES

COLLECTION AVAILABLE IN STORES AND ON https://t.co/Attj53zvga ON FEBRUARY 8TH

OWEN
HEDI SLIMANE PHOTOGRAPHY AND STYLING
HOLKHAM, NORFOLK, ENGLAND
JUNE 2024 https://t.co/R4ZDFCXGy5",Thu Sep 12 07:54:47 +0000 2024,8,63
247,The Cricketer,How would you rate England's Test summer overall? https://t.co/Ahrn5mbKqZ,Tue Sep 10 09:43:23 +0000 2024,2,39
248,BarÃ§a FemenÃ­,"â¡ï¸ Her move to England was delayed because she faced issues with her work permit.

â¡ï¸ She also suffered a meniscus injury this summer, for which she underwent surgery while still under BarÃ§aâ€™s medical care.",Sat Sep 14 04:48:15 +0000 2024,3,96
249,Kev Anthony,"@CricketRef Actually this result is good for test cricket, as was the West Indies test win in Australia, England have won 5 out of 6 tests this summer which isn't too shabby. Let's not overreact too much at one defeat. Sri Lanka played well and deserved the win.",Mon Sep 09 14:27:16 +0000 2024,0,5
250,Paul Kay,"Shorts, t-shirts, anoraks, raincoats - a small selection of apparel this morning. Welcome to autumn in England as predictable weather wise as spring and summer were.",Fri Sep 13 11:09:22 +0000 2024,0,2
251,Kieran Gill,New: Ben Chilwell included in Chelsea's squad submitted to the Premier League. Enzo Maresca plans to sit down with England left back to discuss solution after he failed to find summer move. Could see him return to first-team training. Was working solo at Cobham today,Fri Sep 13 14:30:01 +0000 2024,31,155
252,Arsenal FC News,Crystal Palace could be braced for further interest in Eberechi Eze in the new year after keeping hold of the England international this summer https://t.co/zsKies36mZ,Tue Sep 10 00:03:41 +0000 2024,0,12
253,Thegingerwig,"Be interesting to see if Stones plays the Dias holding role like he did for England in the summer

May be less strain on his body allowing him to play more frequently",Sat Sep 14 13:01:49 +0000 2024,0,6
254,Doug Saunders,Thread on this platformâ€™s *active* role in the race-hate violence that scarred England this summer. Twitter actively promoted figures spreading the intolerant fictions that drove the riots,Sat Sep 07 13:05:43 +0000 2024,2,3
255,Jo Phillips,"Gordon is clearly a good player but why does he keep checking back inside and then passing it back? Get down the line and cross it every now and again? 

Still England overall looking much freer than the Summer 

#ENGFIN",Tue Sep 10 19:53:42 +0000 2024,0,3
256,"Peter Jeffries #IsleofWight ENGLAND, UK.",@YesterdaysBrit1 Best summer of my life.,Mon Sep 09 09:54:29 +0000 2024,0,3
257,WG RumblePants,"Is the reason that England have seemed less Bazbally than usual this summer really just down to the fact that Crawley hasnâ€™t been at the other end from Duckett hitting a run a ball?

Discussâ€¦ https://t.co/IjBS8XA2gB",Fri Sep 06 10:33:03 +0000 2024,8,432
258,CELINE,"CELINE 23
THE BRIGHT YOUNG CAMPAIGN

MEN SUMMER 25

CELINE TAILORING
CELINE IVY JACKET

CELINE SOCKS

CELINE DERBIES

COLLECTION AVAILABLE IN STORES AND ON https://t.co/Attj53zvga ON FEBRUARY 8TH

MAX
HEDI SLIMANE PHOTOGRAPHY AND STYLING
HOLKHAM, NORFOLK, ENGLAND
JUNE 2024 https://t.co/azar7tocMT",Tue Sep 10 09:00:57 +0000 2024,8,51
259,Jen Smyser,@RickSteves I travelled through Ireland and England for the first time this summer. Nearly everyone I met was well informed and deeply concerned about this election. It was humbling and the experience strengthened my resolve to speak up for democracy and the protection of our allies.,Fri Sep 13 00:44:41 +0000 2024,1,67
260,CricBlog âœ,"Exclusive photos courtesy of @ArvindKP24: Glenn Maxwell trained with Victoria earlier this week before the the England ODIs. The all-rounder is ready to go ahead of a big season.
https://t.co/RiDW5zCzNf",Thu Sep 12 14:35:24 +0000 2024,2,4
261,romepix,@CaseyBHead But I love New Hampshireâ€¦ I did a lot of summer camp there as a kid and itâ€™s a beautiful place. I love my New England. And nh has less rules at least.,Wed Sep 11 14:21:49 +0000 2024,0,2
262,khan!,@nvmmeow @0rnn_ @Filcam_ england natural disaster summer 2024 my mate jay is edating a girl from london (actually birmingham),Sun Sep 08 21:17:39 +0000 2024,0,2
263,ESPNcricinfo,"Matthew Mott is in the running to take over at Kent after he stepped down as England's white-ball head coach earlier this summer

https://t.co/3eiUZJ1Ocq",Fri Sep 06 20:30:00 +0000 2024,2,46
264,CELINE,"CELINE 23
THE BRIGHT YOUNG CAMPAIGN

MEN SUMMER 25

CELINE TAILORING

COLLECTION AVAILABLE IN STORES AND ON https://t.co/Attj53zvga ON FEBRUARY 8TH

MAX AND LOUIS
HEDI SLIMANE PHOTOGRAPHY AND STYLING
HOLKHAM, NORFOLK, ENGLAND
JUNE 2024

#CELINEBYHEDISLIMANE https://t.co/qHSqTIzT0L",Tue Sep 10 08:57:27 +0000 2024,6,68
265,St Helen's School,"ğŸŒŸğŸ Shoutout to Alice (Y13) for an amazing summer! She won gold at the U18 NEVZA and achieved England's best results in years at the U18 &amp; U20 CEV Champs (13th &amp; 17th). Recently, she placed 3rd at the UKBT senior finals! Weâ€™re so proud! ğŸ’ªğŸ¥‰ #StHelensSchool #BeachVolleyball https://t.co/Ec2QI4BVT2",Thu Sep 12 06:01:01 +0000 2024,0,9
266,Trev UTID ğŸ”°ğŸ‡¾ğŸ‡ª,@agomes_47 @England See you in jan/summer ğŸ˜‰,Wed Sep 11 15:46:31 +0000 2024,0,5
267,Quenten,"@CricketRef Remember also English cricketers play a lot more tests than every other country and it's hard to keep up the momentum after a long summer, plus August was washed out by the 100, and England would have performed better on August wickets.",Mon Sep 09 15:29:09 +0000 2024,0,3
268,â«· NÂ° 8 â«¸,"@Oluwatoyinzoe @instablog9ja I was born in and have lived in England all my life, and what youâ€™re saying is a lie. There is so much to do provided you have the time for it. Most things take place in the summer and you do have some things to do in the colder seasons, heâ€™s being lazy to explore.",Thu Sep 12 10:31:25 +0000 2024,0,2
269,Telegraph Cricket,"Test summer report card: who was top of the class and who 'must do better'?

âœï¸@scyldberry 

#TelegraphCricket  https://t.co/28xZSWVtdG",Mon Sep 09 16:32:01 +0000 2024,0,3
270,CELINE,"CELINE 23
THE BRIGHT YOUNG CAMPAIGN

MEN SUMMER 25

HEDI SLIMANE PHOTOGRAPHY
HOLKHAM, NORFOLK, ENGLAND
JUNE 2024

#CELINEBYHEDISLIMANE https://t.co/yHTJnuBYhY",Tue Sep 10 14:15:15 +0000 2024,6,44
271,Abz,"@LyesBouzidi10 Spot on, we spent the whole summer trying to shoehorn bigger names in the team instead of playing profiles that would be better in a team dynamic. Englandâ€™s only â€˜runnerâ€™ played 4 mins all tournamentâ€¦",Tue Sep 10 19:13:25 +0000 2024,0,4
272,Mail Sport,"England's bid for first perfect Test summer in 20 years in tatters as humiliating loss to Sri Lanka looms, but Paul Collingwood denies any 'complacency' has crept in https://t.co/FmHaTvdUyQ",Sun Sep 08 19:29:20 +0000 2024,1,5
273,Richard Lloyd,100% Grealish should have gone to to the euros in the summer his ability to keep the ball would have helped England massively,Tue Sep 10 20:17:02 +0000 2024,1,18
274,Newcastle United Women,"A true all-rounder ğŸâš½ 

From England youth international cricketer to a @BarclaysWSL champion, @Deanna_Cooper21's route to Tyneside has been a one full of twists and turns.

Read about our summer signing's journey ğŸ‘‡

#NUFCWomen",Tue Sep 10 08:00:00 +0000 2024,8,89
275,Chris Stocks,Hereâ€™s the @iPaperSport report from The Oval on a poor end to a good summer for England https://t.co/YTByWMmxQZ,Mon Sep 09 16:09:51 +0000 2024,0,2
276,Richard Mann,"England got what they deserved there. Would've lost both series this summer given any sort of opposition. 

Root and Smith apart, the batting has been horrific taking into account conditions and moderate opponents. 

Michael Vaughan spot on the other day. 

#ENGvSL",Mon Sep 09 12:09:11 +0000 2024,0,7
277,Boykin Spaniel 33,"@alovetrilogy @Ejohnson199428 Donna Summer pioneered laser light shows throughout the US, Germany, and England during the Disco Era. By the early 90s, the Queen of Disco had included elaborate floor and ceiling lighting as well as theatrics. â˜ºï¸",Wed Sep 11 21:32:00 +0000 2024,3,21
278,SEN Tassie,"LISTEN ğŸ§: Former Australian Test captain @tdpaine36  gave his thoughts on whether Steve Smith will still be Australia's opener this Test summer before reviewing Australia's T20 win over England.
@SEN_Cricket 
https://t.co/kpxdvApINL",Thu Sep 12 23:17:49 +0000 2024,1,2
279,Darren Norton,"Final edit on my piece for the next @VFTAE 
3000 words covering - 

 Ferriby In's &amp; Outs over the Summer.
England at the Euros.
Pre season.
A poor start to the season, including exits from both FA competitions. 
Where next for the club ? 

Pre-order coming soon. 
#FerribyFanzine",Sun Sep 08 21:37:02 +0000 2024,0,4
280,John Mallett ğŸ“¸,@SeanMJarvis Spot on. England v New Zealand 4th test at Oval August 1999. Darren Maddy &amp; Alan Mullally. There were actually 3 Foxes in the England squad that summer as Aftab Habib played instead of Maddy in tests 1 &amp; 2,Wed Sep 11 12:26:40 +0000 2024,0,3
281,Shubh Aggarwal,Both West Indies and Sri Lanka have tested England quite a bit in this series but haven't been good enough teams to press on that advantage. Golden chance for Sri Lanka to taint England's spotless Test record this summer #ENGvSL,Sun Sep 08 17:00:52 +0000 2024,1,19
282,Managing BarÃ§a,"ğŸš¨ğŸš¨| NEW: Barcelona are looking to include a player in the deal for Rafael Leao next summer, per reports in England.

FULL INFO HERE:",Sat Sep 07 19:30:00 +0000 2024,30,523
283,Sachin Nakrani,"Englandâ€™s traditional summer sport being played at close to 10pm on a freezing Wednesday in mid-September is a pretty wild turn of events, tbf.",Wed Sep 11 20:57:07 +0000 2024,2,21
284,"Dominic Oldridge, #REJOIN","@OborneTweets Mixed views:
- They deserve to after the bowling and Englands very woeful 2nd innings efforts
- It may even have some impact to the current all out agressive attitudes, almost come-what-may

Based on this home Summer Tests, England will fail in both South Africa &amp; Australia",Mon Sep 09 08:00:19 +0000 2024,0,3
285,stuart mcdonald,"@Nucleocapsoid @dominiksteiger @NHSEnglandStats Ah I see question is more about the relative size of the recent summer wave vs the winter wave. Yes, that's interesting. SARI has them both peaking at around 5 per 100k but NHS England suggests winter peak 600 vs 400 in recent summer peak. I can't immediately explain difference.",Thu Sep 12 11:52:03 +0000 2024,0,2
286,Tom Garry,"We understand Barcelona's stance is that Keira Walsh is not for sale in this summer's transfer window. As widely reported, Arsenal have held a long-standing interest in the England midfielder. I'll add more details to our @guardian_sport live page today https://t.co/Kok7JassUf",Fri Sep 13 11:39:54 +0000 2024,15,220
287,Josh Nelson,@Maskofduality @BGatesIsaPyscho It hit 40C last year in south east England last year and was over 30 for several days this summer. Weather can be unpredictable but always grey is not true (esp in east). First part of summer had lots of long thin cloud that seemed to coalesce- first time I have properly wondered,Mon Sep 09 09:46:28 +0000 2024,0,2
288,ESPNcricinfo,"Englandâ€™s Ashes win column in Australia has been collecting dust (L 13, D 2) after 2010-11. Could this summer's new faces spark a change in fortunes in 2025-26?

Full story written by @Vitu_E: https://t.co/RdXUfIcfn0 https://t.co/YwcudoDjJg",Wed Sep 11 08:29:03 +0000 2024,2,62
289,Chris Kelly,"@Magpie24_7 If this is true then good riddance. Every man and his dog could see England were being held back in the summer. Too conservative, TAA misused, Palmer Gordon and Watkins/Toney deserving of far more minutes.",Mon Sep 09 13:01:37 +0000 2024,0,4
290,Dr. Chris Ince,"@notquitezennor I have three shirts in this style and they have days become a summer favourite. Theyâ€™re *perfect*!
In autumn I look a little like Iâ€™m cosplaying Thackery Binx at the start of Hocus Pocus, or some New England settler, but thatâ€™s not a bad thing either.",Tue Sep 10 20:50:51 +0000 2024,0,15
291,tempest90,"@Keltic_Witch @ajtourville Definitely so.  Bill Clinton and Tony Blair were way too too cozy. Christopher Steel provided the false Russia gate information. Obama secretly visiting (he got caught) the prime minister of england this summer.  Australia, Germany and Canada are in the mix. Meanwhile an invading",Thu Sep 12 19:58:32 +0000 2024,0,2
292,Md Nagori ğŸ©º,@mufaddal_vohra 5 win out of 6 in this summer england have played very well .. but one lose doesn't matter your Approch,Tue Sep 10 05:53:53 +0000 2024,0,5
293,United Rising ğŸ”°,"@DBordaaaa @Tgarratt10 I mean, England played Slovenia in the summer and looked woeful ğŸ¤£",Tue Sep 10 20:33:32 +0000 2024,0,3
294,CELINE,"CELINE 23
THE BRIGHT YOUNG CAMPAIGN

MEN SUMMER 25

CELINE BOATER HAT

CELINE TAILORING
CELINE CASHMERE AND SILK JACKET

COLLECTION AVAILABLE IN STORES AND ON https://t.co/Attj53zvga ON FEBRUARY 8TH

WILLIAM
HEDISLIMANE PHOTOGRAPHY AND STYLING
HOLKHAM, NORFOLK, ENGLAND
JUNE 2024 https://t.co/7ombfkNzLW",Wed Sep 11 08:02:31 +0000 2024,3,46
295,James Olley,"A review of Englandâ€™s first international break after Southgate. Many called for change this summer but didnâ€™t necessarily expect Carsley. This is what came next. 
https://t.co/5bYae7S4he",Wed Sep 11 12:26:43 +0000 2024,0,4
296,Northampton Sport,"The winning try in the Premiership final, a summer tour of Japan and New Zealand plus holidays to Bali and Tenerife - it's fair to say it's been a busy and extremely special summer for Saints and England star Alex Mitchell.

His thoughts here...

https://t.co/VP5MULDe3o https://t.co/DQ0HkmAYpp",Tue Sep 10 10:58:25 +0000 2024,2,23
297,Archer,"And the summer of t20 in England is over and Gloucestershire wins the Vitality blast for the first time. 
Out of 4 teams today Gloucestershire was the least fav to win the title for me and they won it. Wow ğŸ”¥",Sat Sep 14 20:21:55 +0000 2024,1,15
298,CricWick,"ğŸš¨ Sri Lanka secure a convincing victory in the final Test of the English summer, breaking England's streak of five consecutive wins. #ENGvSL https://t.co/wuES7pVZPa",Mon Sep 09 12:05:58 +0000 2024,1,21
299,LutonNews_LTFC,England U21s boss Ben Futcher praised the decision made by former Arsenal youngster Reuell Walters to pursue his decision to play first team football by leaving the Gunners and joining Luton in the summer. Working out well for the teenager so far. https://t.co/5KqcnapwWg,Thu Sep 12 07:24:20 +0000 2024,0,28
300,NWS Albany,"If you've enjoyed the weather recently, you'll be happy to hear that above normal temperatures and below normal precipitation are favored to continue through these last 10 days of astronomical summer across eastern New York and western New England! #nywx #vtwx #mawx #ctwx https://t.co/joXIuMfQKU",Fri Sep 13 18:17:02 +0000 2024,7,38
301,Tom Vickers,"Five England boys back in the starting 15 for Saints as George Furbank, Ollie Sleightholme, Fraser Dingwall, Fin Smith and Alex Mitchell start against Bedford Blues tomorrow night. Henry Pollock also handed a place in the first 15. Summer signing Fyn Brown at No.8. https://t.co/0Lxit20apQ",Thu Sep 12 10:59:30 +0000 2024,0,72
302,CELINE,"CELINE 23
THE BRIGHT YOUNG CAMPAIGN

MEN SUMMER 25

CELINE TAILORING
CELINE CLASSIC CASHMERE SUIT

CELINE CLUB TIE

COLLECTION AVAILABLE IN STORES AND ON https://t.co/Attj53zvga ON FEBRUARY 8TH

BLAKE
HEDI SLIMANE PHOTOGRAPHY AND STYLING
HOLKHAM, NORFOLK, ENGLAND
JUNE 2024 https://t.co/cNl2yt0Giv",Wed Sep 11 15:11:11 +0000 2024,5,45
303,Justynâ„¢ï¸,@AlecLFC1 @LewisBower2021 @TreyNyoni @LFC @England Think he joined just last summer from Leicester,Mon Sep 09 18:03:51 +0000 2024,0,6
304,Hesy Rock,"@ESPNcricinfo Highest successful run chase for Sri Lanka in England. 
4th Test win in England. 
Handing England's first loss this summer.

Lost the series but history has been made. Not the best, but so much has improved. The attitude is top. Love to see this continue.â™¥ï¸

#ENGvSL",Mon Sep 09 12:06:40 +0000 2024,0,6
305,Richard Dawson,"@WG_RumblePants I think it's a sad way to finish off the Test series. England will have hoped to have had a clean sweep this summer. Of course they will brush it off, but perhaps it goes deeper than that &amp; they aren't quite as good as they think when they are pushed.",Mon Sep 09 14:45:00 +0000 2024,0,4
306,Notorious GMT,"@FrankBolt9 @MLShater Ream has been giving the ball away all summer. I think this regression was coming, regardless of his home address being in England or North Carolina.",Sun Sep 08 14:51:58 +0000 2024,0,3
307,Simon Dennis,Don't mind this @England performance. Creating lots of chances and Keeper playing well. So different to that durge over the summer #ENGFIN,Tue Sep 10 20:08:07 +0000 2024,0,2
308,WG DisGrace,"Some of you may remember that England won an epic Ashes series in 2005. But do you know what those heroes from that glorious summer have been up to since? Well, weâ€™ve done the research so you donâ€™t have to!

#CricketTwitter #wherearetheynow?",Fri Sep 06 18:11:28 +0000 2024,23,360
309,Nick Royle,"@scorerstell @IrishWomensCric Just one nice easy run chase for Ireland. In men's or women's cricket, I don't mind! Beating the current Asia Cup champions Sri Lanka, and then four-time world Champions England in the same summer is some going.",Wed Sep 11 22:42:40 +0000 2024,0,2
310,Jenni Johnson ğŸ‘©â€ğŸ‘©â€ğŸ‘§,"And when we play Man United at Villa Park give Maguire the reception he deserves given his impeccable performances for England this summerâ€¦..

@Conradreturns_7 @AVFCMarkM @TheonlyDG @Missvillafan",Sat Sep 14 23:00:27 +0000 2024,0,4
311,Guardian sport,Englandâ€™s end-of-term slackness forewarns of end of days for this summer sport | Barney Ronay https://t.co/9AV0zmq8Ui,Mon Sep 09 17:16:05 +0000 2024,10,32
312,LyÃ©s,I maintain England shouldâ€™ve been starting games this summer with Antony Gordon wide left. Both cameos this break heâ€™s looked a threat and he gives England a runner they havenâ€™t had since Sterling,Tue Sep 10 19:09:56 +0000 2024,6,688
313,Sporting Memories Scotland,Did you know that we also have a thriving community of clubs in New Zealand.  With so many Scots having close ties to NZ relatives this might b of interest.  It was great to welcome the team from Sporting Memories Aotearoa New Zealand over the summer. https://t.co/6zWvq1NnWB,Wed Sep 11 16:30:10 +0000 2024,0,2
314,Tis the season (1-1) ğŸ»ğŸˆ,@Boorish_Sports Road win against one of the best QB/WR duos in the league after a summer of a projected wins ranging from 0-5. I'd be celebrating too.,Sun Sep 08 21:00:13 +0000 2024,0,2
315,Andy Savage,Jack has also had 2 good games for England which will benefit us. I am not normally in favour of Internationals these days but you can see his confidence is sky high at the moment after a disappointing summer with missing out on the Euros. It could have affected him that but fair,Tue Sep 10 20:09:46 +0000 2024,0,5
316,CELINE,"CELINE 23
THE BRIGHT YOUNG CAMPAIGN

MEN SUMMER 25

CELINE BOATER HAT

CELINE TAILORING

CELINE DERBIES

COLLECTION AVAILABLE IN STORES AND ON https://t.co/Attj53zvga ON FEBRUARY 8TH

HARRY
HEDI SLIMANE PHOTOGRAPHY AND STYLING
HOLKHAM, NORFOLK, ENGLAND
JUNE 2024 https://t.co/xFfbX52SgK",Wed Sep 11 08:00:41 +0000 2024,4,47
317,Neil Reading,Only in England could we win 5 out of 6 Test Matches in a summer and then lose our collective minds about how weâ€™re the worst team to ever play the game ğŸ¤¦ğŸ»â€â™‚ï¸,Tue Sep 10 06:20:39 +0000 2024,0,2
318,Conradreturns_7,Hope the Holte End give Pickford the reception he deserves given his impeccable performances for England this summerâ€¦..,Sat Sep 14 07:13:38 +0000 2024,0,13
319,Tim Wigmore,"From an average age of 32 at The Oval last summer, England's average age will be just 26 this time. There are 6 uncapped players in the T20 squad. Counties are also embracing youth.

English cricket's summer of regeneration

https://t.co/FR8kHLQhdY",Thu Sep 05 17:04:10 +0000 2024,6,29
320,Gary martin,"@halldorm Never know what will happen for next summer Iâ€™m playing in England November till may then we will see ğŸ‘€ 

But never say never",Mon Sep 09 23:04:00 +0000 2024,0,2
321,Barney Ronay,"A slightly nauseating, piss-takey performance from England. Sri Lanka played like a team that felt it was being underrated https://t.co/sNl67Oi152",Mon Sep 09 17:37:43 +0000 2024,12,80
322,Matt Roller,"At the Utilita Bowl where Dan Mousley is bowling to Jacob Bethell ahead of England's first T20 vs Australia tomorrow night

Spoke to both earlier in the summer about their journey to this point, and their aspirations to be three-format internationals

https://t.co/yKtL9Ucu2V",Tue Sep 10 10:11:05 +0000 2024,2,42
323,Keano,"@unitedhan Nah, heâ€™s finished at this club as far as Iâ€™m concerned. Never available for us yet still went with England in the summer",Tue Sep 10 13:43:33 +0000 2024,0,4
324,Richard Bullick,@BoothCricket All summer England have outclassed poorer opponents but on too many occasions one worries about whether this level of performance would be good enough against better oppositionâ€¦ they may get found out tomorrow â€¦.,Sun Sep 08 19:40:44 +0000 2024,0,4
325,England Athletics,"Throughout this exciting Summer of Sport, alongside the @pbestfoundation and @_funetics, we have been encouraging young athletes to get creative and design their dream athletics vest. We are delighted to announce the winners are Charlotte and Leonora! â¬‡ï¸
https://t.co/GWh8VkmWXs https://t.co/oLQb0z5LLZ",Wed Sep 11 09:17:21 +0000 2024,0,2
326,Richard Franks,"As new Google data reveals a sharp jump in searches for things to do in #Birmingham, hereâ€™s my bit on why the UKâ€™s second city was a hit this summer, for @IndyTravel 

Includes comparisons to Venice, Rome and Paris, obvs @visit_bham @ichoosemag

https://t.co/3o0c3Fr07l",Thu Sep 12 10:16:23 +0000 2024,5,14
327,England Athletics,"The Paralympic action has now concluded, but if you missed any of it or want to relive the best bits from Paris, then you can still catch up with our reports, exclusive content and news. Check out the latest content and how to get involved in our sport: https://t.co/afJHGs9SIc",Mon Sep 09 16:18:43 +0000 2024,2,2
328,Mark Douglas,"Anthony Gordon looks electric so far. Should have scored in the run up to England's opener, giving Ireland all sorts of problems. So baffling he played 120 seconds in the summer",Sat Sep 07 16:21:07 +0000 2024,20,440
329,Samuel Kaski,"@tetraduzione @dmalitesta @JukkaSuomela Yes Helsinki in the summer is warmer than Scotland, and northern England, also on average. But this has been a special summer on top of that.

If your prior does not match to this, you may be thinking of winter, which Helsinki may still have, though more seldom nowadays.",Thu Sep 12 11:09:22 +0000 2024,0,4
330,Andy Martin,"Such a shame Carsley or someone like Robins wasnâ€™t in charge of England during the summer.

Wouldâ€™ve won it easily.",Sat Sep 07 16:37:39 +0000 2024,0,85
331,Jenni Johnson ğŸ‘©â€ğŸ‘©â€ğŸ‘§,"And when we play Man City at Villa Park letâ€™s give Walker the reception he deserves given his impeccable performances for England this summerâ€¦..

@Conradreturns_7 @AVFCMarkM @TheonlyDG @Missvillafan",Sat Sep 14 23:00:26 +0000 2024,0,3
332,The Cricketer,"""It's like waiting for Christmas Day, I've never bowled better in the Blast.""

David Payne has taken 29 wickets in this year's tournament.

He tells @NickFriend1 about lingering England ambitions, the Covid-summer Finals Day and Gloucestershire's campaign.
https://t.co/jR9XUSDf6r",Fri Sep 13 09:18:17 +0000 2024,0,5
333,ABasedApe,"@Sargon_of_Akkad Oh stop, Carl. England is known for it's balmy summer evenings and beautiful sunny weather at least three full days a year.  You can't hide that treasure forever, bud.",Fri Sep 13 23:29:10 +0000 2024,1,26
334,Bookaholic Bex,I need to make a full apology to the people of Vlore. A whole summer of back to back sunshine until I brought the rain with me from England... https://t.co/tpF123f5jK,Tue Sep 10 12:06:26 +0000 2024,1,114
335,Jenni Johnson ğŸ‘©â€ğŸ‘©â€ğŸ‘§,"I canâ€™t wait for when we play Newcastle at Villa park

Letâ€™s give Trippier the reception he deserves given his impeccable performances for England this summerâ€¦.. @Conradreturns_7 @AVFCMarkM @TheonlyDG @Missvillafan",Sat Sep 14 23:00:25 +0000 2024,0,5
336,Josh Osborne,"@slimmatt1 @WG_RumblePants @ReubenHerbert1 Couldnâ€™t agree more, will never understand the outrage when England lose a test match. 

Itâ€™s a depleted and transitioning England side and weâ€™re 5-1 this summer.",Mon Sep 09 23:24:06 +0000 2024,0,5
337,Will Macpherson,"England have withdrawn Gus Atkinson from their squad for the ODIs against Australia, effectively ending his summer. Officially he's rested but he's had a quad injury at the Oval. Olly Stone added to the squad.",Mon Sep 09 12:16:23 +0000 2024,15,388
338,Lewis N Watson,"@AndyH_England @TailosiveTech Thatâ€™s a good point, iâ€™m also in uk maybe heat would be more of an issue in us and places that arenâ€™t 12Â°c on a warm summer day",Wed Sep 11 13:57:23 +0000 2024,0,3
339,Standard Sport,"Superb Pathum Nissanka century leads Sri Lanka to famous win as England denied summer clean sweep

âœï¸ @MalikOuzia_ 

https://t.co/9jEqQEeGVY",Mon Sep 09 12:23:29 +0000 2024,0,3
340,"Dmd, PE","@MajorGroovy @rocknrollofall It was a beautiful summer night in New England, too.  I think I wore just my bathing suit all day and night.  The crazy thing is, I donâ€™t have one picture at all of the concert.  Now I have video clips of every one I go to.",Tue Sep 10 11:48:44 +0000 2024,0,2
341,Ben Jones,"Weird summer. Possible clean sweep missed. Largely uncompetitive cricket v Windies. Often overshadowed by the retirement of a legend. Best bit the surprising victory of the tourists in the final Test.

Anyway, enough about Australia 2023/24, and now for my review of England 2024",Mon Sep 09 21:38:06 +0000 2024,26,503
342,NUFCThreatLevel,"#Papers saying Gordon keeps his place. 
Hope he can get that goal tonight. Deserves it. Refreshing to see Englandâ€™s left side constantly trying to get in behind their defence after the Summer..",Tue Sep 10 09:29:07 +0000 2024,1,21
343,Patrick Aaron Banks,"@gortoshay1 Leeds, and the whole of England, has been unreasonably busy for me this Summer so sadly my time on here has been sparing. I will in Autumn be returning with my brand of weary cynicism inspired by both my job and Welsh rugby",Thu Sep 12 17:41:54 +0000 2024,0,2
344,Craig Atkins,"@EfranAlexander If Gerrard was fit for the World Cup that summer, who knows how far England would've got? He certainly wouldn't have missed the tackle that Beckham did.",Tue Sep 10 09:06:28 +0000 2024,0,4
345,tern,"Interestingly, there hasn't been much else in terms of viruses going round in England this summer - although bacterial infections have been going a bit bonanza.",Thu Sep 12 15:45:46 +0000 2024,9,55
346,Simon Johnson,"Only just seen that England lost final test of the summer. Well played Sri Lanka and all that, a reward for good sessions throughout the series. But Englandâ€™s display was arrogant. Came across as taking victory for granted from day one &amp; playing to avoid a day 5 to go ğŸŒğŸ»â€â™‚ï¸",Mon Sep 09 13:03:33 +0000 2024,0,42
347,Paul Fanning,@cameronponsonby Have we considered the possibility that England's opponents this summer have been sub-CC standard?,Sun Sep 08 13:37:54 +0000 2024,1,56
348,HarleyMonsterCatğŸ¦‡ğŸ˜ ğŸ¾ğŸŒ»ğŸ˜·,@oldenoughtosay My family is British. I grew up in North Texas and Oklahoma. My dad was having work done on his house during a blistering OK summer. My grandmother visiting from England offered them all tea which they enthusiastically accepted. I donâ€™t need to explain the rest. ğŸ¥µ,Sun Sep 08 18:17:43 +0000 2024,0,22
349,Ryan,@rajsinghchohan On the recent overlap scholes and Neville both say that Walker has got better as a defender and just ignore carragher pointing out his errors that cost England in the summer. How can they not see Walkers vulnerability or are they just choosing to ignore it?,Thu Sep 12 17:55:48 +0000 2024,4,341
350,Plaid Cymru ğŸ´ó §ó ¢ó ·ó ¬ó ³ó ¿,"About time.

Public sector workers in Wales shouldn't have to await announcements in England to receive fair pay.

But despite a summer of 'listening', the First Minister has failed to recognise that the workforce crisis isn't just about pay

Workers want fair T&amp;Cs overall â€¼ï¸",Tue Sep 10 13:08:52 +0000 2024,8,24
351,Jamie ğŸ‡µğŸ‡¸,florida has been fun but i am ready to return to new england just in time for the melancholic transformation of summer into fall. siri play freeze the saints,Mon Sep 09 16:01:50 +0000 2024,0,23
352,Andrew Sharpe ğŸ´ó §ó ¢ó ³ó £ó ´ó ¿ğŸ‡ªğŸ‡º,"@archer_rs Here in Scotland, we saved quite a lot of money this summer by getting the car ferry to The Netherlands instead of going on holiday to England.  Accommodation, food, drink, attractions... bike hire - all much cheaper.  In fact the only thing more expensive was petrol.",Thu Sep 12 06:40:44 +0000 2024,2,17
353,I am Germany,"It all wasnâ€™t very well thought through though. There werenâ€™t enough English teachers to serve the demand, nevermind work books etc. 
my Russian teacher, like many others, were sent to the South of England during the summer holidays",Sun Sep 08 20:20:17 +0000 2024,0,35
354,WG RumblePants,"Totally forgot the England Women are playing Ireland in an ODI in Belfast today. 

Which genius scheduled that to take place at the same time as the final Test of the summer? ğŸ™ˆ",Sat Sep 07 09:31:50 +0000 2024,2,104
355,Test Match Special,"England eyeing their first perfect Test summer in 20 years. 

The TMS team look ahead to 3rd #ENGvSL Test at the Oval. 

Plus @Bazmccullum &amp; @OPope32 joins us. 

ğŸ‘‰https://t.co/Qd5C96PypN

#bbccricket https://t.co/oTtU6tIzJR",Thu Sep 05 21:10:52 +0000 2024,0,44
356,Test Match Special,"TMS PODCAST: Englandâ€™s poorest day of the summer? 

Jonathan Agnew is joined by @MichaelVaughan, @RusselArnold69 &amp; Sir Alastair Cook. 

Reaction from @OllyStone2. 

Plus @katecross16 on a special first day as @englandcricket captain. 

#BBCCricket #ENGvSL

https://t.co/9OTqVOtbxr",Sat Sep 07 19:45:30 +0000 2024,2,17
357,Talmud Enjoyer ğŸ§¬ğŸ‡®ğŸ‡±,Rugby should be a summer sport in England. Already dreading the December Saturday mornings spent caked in freezing mud.,Sat Sep 07 12:05:49 +0000 2024,0,29
